customer_id,customer_name,total_transactions,purchase_count,total_spent,days_as_customer,days_since_last_purchase,transactions_per_month,avg_spend_per_transaction,lifetime_value_per_month,engagement_tier,spend_quartile,recency_score,frequency_score,monetary_score,rfm_score
1,Customer_1,8,8,1077.72,132,35,1.82,134.72,244.94,low,Q2,5,1,3,9
2,Customer_2,12,12,1310.98,465,215,0.77,109.25,84.58,low,Q3,2,3,3,8
3,Customer_3,17,17,640.35,300,81,1.7,37.67,64.04,low,Q1,4,5,1,10
4,Customer_4,16,16,1536.59,136,90,3.53,96.04,338.95,medium,Q3,3,5,4,12
5,Customer_5,11,11,1101.41,101,8,3.27,100.13,327.15,medium,Q2,5,2,3,10
6,Customer_6,10,10,506.95,50,29,6.0,50.7,304.17,medium,Q1,5,2,1,8
7,Customer_7,12,12,2059.0,644,418,0.56,171.58,95.92,low,Q4,1,3,5,9
8,Customer_8,17,17,2664.69,151,115,3.38,156.75,529.41,medium,Q4,3,5,5,13
9,Customer_9,12,12,1544.38,496,105,0.73,128.7,93.41,low,Q3,3,3,4,10
10,Customer_10,13,13,1256.53,244,135,1.6,96.66,154.49,low,Q3,3,3,3,9
11,Customer_11,19,19,1687.65,360,196,1.58,88.82,140.64,low,Q4,2,5,4,11
12,Customer_12,10,10,1259.01,488,314,0.61,125.9,77.4,low,Q3,1,2,3,6
13,Customer_13,15,15,1643.13,117,75,3.85,109.54,421.32,medium,Q3,4,4,4,12
14,Customer_14,12,12,415.83,402,217,0.9,34.65,31.03,low,Q1,2,3,1,6
15,Customer_15,15,15,1566.57,129,21,3.49,104.44,364.32,medium,Q3,5,4,4,13
16,Customer_16,10,10,1499.93,693,394,0.43,149.99,64.93,low,Q3,1,2,4,7
17,Customer_17,15,15,1442.73,160,101,2.81,96.18,270.51,medium,Q3,3,4,4,11
18,Customer_18,13,13,429.69,691,457,0.56,33.05,18.66,low,Q1,1,3,1,5
19,Customer_19,17,17,2496.84,338,192,1.51,146.87,221.61,low,Q4,2,5,5,12
20,Customer_20,16,16,899.38,373,227,1.29,56.21,72.34,low,Q2,2,5,2,9
21,Customer_21,16,16,1041.38,521,177,0.92,65.09,59.96,low,Q2,2,5,3,10
22,Customer_22,11,11,555.82,443,99,0.74,50.53,37.64,low,Q1,3,2,1,6
23,Customer_23,8,8,609.47,415,36,0.58,76.18,44.06,low,Q1,4,1,1,6
24,Customer_24,14,14,1992.15,221,96,1.9,142.3,270.43,low,Q4,3,4,5,12
25,Customer_25,13,13,1371.56,306,152,1.27,105.5,134.47,low,Q3,3,3,4,10
26,Customer_26,12,12,681.08,190,151,1.89,56.76,107.54,low,Q1,3,3,2,8
27,Customer_27,10,10,1610.64,489,190,0.61,161.06,98.81,low,Q3,2,2,4,8
28,Customer_28,18,18,2904.03,343,224,1.57,161.34,254.0,low,Q4,2,5,5,12
29,Customer_29,11,11,1759.34,51,37,6.47,159.94,1034.91,medium,Q4,4,2,4,10
30,Customer_30,19,19,1178.25,282,12,2.02,62.01,125.35,medium,Q2,5,5,3,13
31,Customer_31,13,13,1234.25,590,369,0.66,94.94,62.76,low,Q3,1,3,3,7
32,Customer_32,13,13,2309.75,504,183,0.77,177.67,137.49,low,Q4,2,3,5,10
33,Customer_33,13,13,1880.61,88,13,4.43,144.66,641.12,medium,Q4,5,3,5,13
34,Customer_34,18,18,525.8,540,279,1.0,29.21,29.21,low,Q1,1,5,1,7
35,Customer_35,8,8,280.85,711,217,0.34,35.11,11.85,low,Q1,2,1,1,4
36,Customer_36,13,13,1259.82,505,355,0.77,96.91,74.84,low,Q3,1,3,3,7
37,Customer_37,18,18,2986.72,729,273,0.74,165.93,122.91,low,Q4,2,5,5,12
38,Customer_38,16,16,1735.98,219,113,2.19,108.5,237.81,medium,Q4,3,5,4,12
39,Customer_39,12,12,1225.93,716,62,0.5,102.16,51.37,low,Q2,4,3,3,10
40,Customer_40,11,11,454.83,592,84,0.56,41.35,23.05,low,Q1,4,2,1,7
41,Customer_41,10,10,1268.01,596,368,0.5,126.8,63.83,low,Q3,1,2,3,6
42,Customer_42,11,11,1676.69,273,217,1.21,152.43,184.25,low,Q4,2,2,4,8
43,Customer_43,18,18,1511.37,534,342,1.01,83.96,84.91,low,Q3,1,5,4,10
44,Customer_44,10,10,1452.2,160,13,1.88,145.22,272.29,low,Q3,5,2,4,11
45,Customer_45,11,11,1919.43,514,187,0.64,174.49,112.03,low,Q4,2,2,5,9
46,Customer_46,11,11,622.42,676,19,0.49,56.58,27.62,low,Q1,5,2,1,8
47,Customer_47,8,8,848.93,50,36,4.8,106.12,509.36,medium,Q2,4,1,2,7
48,Customer_48,11,11,764.57,196,140,1.68,69.51,117.03,low,Q2,3,2,2,7
49,Customer_49,10,10,1478.92,303,189,0.99,147.89,146.43,low,Q3,2,2,4,8
50,Customer_50,13,13,1488.85,417,233,0.94,114.53,107.11,low,Q3,2,3,4,9
51,Customer_51,14,14,1727.04,630,403,0.67,123.36,82.24,low,Q4,1,4,4,9
52,Customer_52,21,21,3122.21,345,76,1.83,148.68,271.5,low,Q4,4,5,5,14
53,Customer_53,11,11,950.13,43,9,7.67,86.38,662.88,medium,Q2,5,2,2,9
54,Customer_54,13,13,2168.91,271,199,1.44,166.84,240.1,low,Q4,2,3,5,10
55,Customer_55,15,15,1614.29,375,284,1.2,107.62,129.14,low,Q3,1,4,4,9
56,Customer_56,17,17,841.21,594,206,0.86,49.48,42.49,low,Q2,2,5,2,9
57,Customer_57,8,8,1062.91,369,223,0.65,132.86,86.42,low,Q2,2,1,3,6
58,Customer_58,12,12,1775.47,121,52,2.98,147.96,440.2,medium,Q4,4,3,4,11
59,Customer_59,11,11,815.08,396,144,0.83,74.1,61.75,low,Q2,3,2,2,7
60,Customer_60,11,11,1736.49,484,373,0.68,157.86,107.63,low,Q4,1,2,4,7
61,Customer_61,13,13,2150.88,457,69,0.85,165.45,141.2,low,Q4,4,3,5,12
62,Customer_62,19,19,1290.48,538,99,1.06,67.92,71.96,low,Q3,3,5,3,11
63,Customer_63,9,9,1597.01,64,12,4.22,177.45,748.6,medium,Q3,5,1,4,10
64,Customer_64,11,11,514.91,235,25,1.4,46.81,65.73,low,Q1,5,2,1,8
65,Customer_65,8,8,450.5,110,52,2.18,56.31,122.86,medium,Q1,4,1,1,6
66,Customer_66,14,14,749.77,591,379,0.71,53.56,38.06,low,Q2,1,4,2,7
67,Customer_67,9,9,1472.12,417,53,0.65,163.57,105.91,low,Q3,4,1,4,9
68,Customer_68,14,14,1769.81,31,23,13.55,126.42,1712.72,high,Q4,5,4,4,13
69,Customer_69,7,7,340.03,419,144,0.5,48.58,24.35,low,Q1,3,1,1,5
70,Customer_70,8,8,746.0,595,57,0.4,93.25,37.61,low,Q1,4,1,2,7
71,Customer_71,9,9,1083.34,135,39,2.0,120.37,240.74,low,Q2,4,1,3,8
72,Customer_72,9,9,341.43,506,109,0.53,37.94,20.24,low,Q1,3,1,1,5
73,Customer_73,11,11,1779.52,431,181,0.77,161.77,123.86,low,Q4,2,2,5,9
74,Customer_74,9,9,1346.03,585,42,0.46,149.56,69.03,low,Q3,4,1,3,8
75,Customer_75,17,17,1756.22,191,142,2.67,103.31,275.85,medium,Q4,3,5,4,12
76,Customer_76,6,6,1049.43,231,122,0.78,174.9,136.29,low,Q2,3,1,3,7
77,Customer_77,13,13,1166.79,299,133,1.3,89.75,117.07,low,Q2,3,3,3,9
78,Customer_78,10,10,1775.37,300,163,1.0,177.54,177.54,low,Q4,2,2,4,8
79,Customer_79,11,11,1413.8,485,215,0.68,128.53,87.45,low,Q3,2,2,4,8
80,Customer_80,9,9,1110.37,491,221,0.55,123.37,67.84,low,Q2,2,1,3,6
81,Customer_81,11,11,557.95,281,75,1.17,50.72,59.57,low,Q1,4,2,1,7
82,Customer_82,11,11,1778.69,325,146,1.02,161.7,164.19,low,Q4,3,2,4,9
83,Customer_83,19,19,1733.96,367,239,1.55,91.26,141.74,low,Q4,2,5,4,11
84,Customer_84,8,8,401.17,82,12,2.93,50.15,146.77,medium,Q1,5,1,1,7
85,Customer_85,12,12,323.45,246,9,1.46,26.95,39.45,low,Q1,5,3,1,9
86,Customer_86,15,15,1676.43,217,74,2.07,111.76,231.76,medium,Q4,4,4,4,12
87,Customer_87,12,12,1280.96,409,253,0.88,106.75,93.96,low,Q3,2,3,3,8
88,Customer_88,9,9,1228.5,522,230,0.52,136.5,70.6,low,Q3,2,1,3,6
89,Customer_89,12,12,1955.88,70,7,5.14,162.99,838.23,medium,Q4,5,3,5,13
90,Customer_90,9,9,335.77,186,141,1.45,37.31,54.16,low,Q1,3,1,1,5
91,Customer_91,18,18,2490.88,44,9,12.27,138.38,1698.33,high,Q4,5,5,5,15
92,Customer_92,13,13,702.64,94,50,4.15,54.05,224.25,medium,Q1,4,3,2,9
93,Customer_93,12,12,1896.21,550,283,0.65,158.02,103.43,low,Q4,1,3,5,9
94,Customer_94,16,16,2431.28,373,122,1.29,151.96,195.55,low,Q4,3,5,5,13
95,Customer_95,13,13,1414.7,158,66,2.47,108.82,268.61,medium,Q3,4,3,4,11
96,Customer_96,14,14,1891.23,677,517,0.62,135.09,83.81,low,Q4,1,4,5,10
97,Customer_97,18,18,1327.04,501,29,1.08,73.72,79.46,low,Q3,5,5,3,13
98,Customer_98,11,11,1078.34,92,37,3.59,98.03,351.63,medium,Q2,4,2,3,9
99,Customer_99,4,4,609.41,168,83,0.71,152.35,108.82,low,Q1,4,1,1,6
100,Customer_100,15,15,1442.79,528,136,0.85,96.19,81.98,low,Q3,3,4,4,11
101,Customer_101,13,13,1045.96,622,496,0.63,80.46,50.45,low,Q2,1,3,3,7
102,Customer_102,11,11,1117.63,421,321,0.78,101.6,79.64,low,Q2,1,2,3,6
103,Customer_103,10,10,1533.79,704,342,0.43,153.38,65.36,low,Q3,1,2,4,7
104,Customer_104,10,10,769.57,448,145,0.67,76.96,51.53,low,Q2,3,2,2,7
105,Customer_105,12,12,623.2,318,71,1.13,51.93,58.79,low,Q1,4,3,1,8
106,Customer_106,9,9,1218.26,408,217,0.66,135.36,89.58,low,Q2,2,1,3,6
107,Customer_107,9,9,1377.24,519,301,0.52,153.03,79.61,low,Q3,1,1,4,6
108,Customer_108,13,13,527.78,260,132,1.5,40.6,60.9,low,Q1,3,3,1,7
109,Customer_109,15,15,932.71,70,36,6.43,62.18,399.73,medium,Q2,4,4,2,10
110,Customer_110,6,6,282.03,57,6,3.16,47.0,148.44,medium,Q1,5,1,1,7
111,Customer_111,12,12,947.17,164,19,2.2,78.93,173.26,medium,Q2,5,3,2,10
112,Customer_112,11,11,1042.85,230,108,1.43,94.8,136.02,low,Q2,3,2,3,8
113,Customer_113,14,14,1974.95,62,39,6.77,141.07,955.62,medium,Q4,4,4,5,13
114,Customer_114,13,13,1637.06,77,27,5.06,125.93,637.82,medium,Q3,5,3,4,12
115,Customer_115,11,11,1333.68,532,202,0.62,121.24,75.21,low,Q3,2,2,3,7
116,Customer_116,12,12,955.42,436,346,0.83,79.62,65.74,low,Q2,1,3,2,6
117,Customer_117,14,14,2175.94,603,19,0.7,155.42,108.26,low,Q4,5,4,5,14
118,Customer_118,14,14,1372.69,128,39,3.28,98.05,321.72,medium,Q3,4,4,4,12
119,Customer_119,16,16,2828.18,713,126,0.67,176.76,119.0,low,Q4,3,5,5,13
120,Customer_120,12,12,1479.5,576,451,0.62,123.29,77.06,low,Q3,1,3,4,8
121,Customer_121,18,18,802.28,642,173,0.84,44.57,37.49,low,Q2,2,5,2,9
122,Customer_122,10,10,1298.08,491,141,0.61,129.81,79.31,low,Q3,3,2,3,8
123,Customer_123,12,12,904.69,672,220,0.54,75.39,40.39,low,Q2,2,3,2,7
124,Customer_124,16,16,2102.09,34,26,14.12,131.38,1854.79,high,Q4,5,5,5,15
125,Customer_125,16,16,572.71,247,148,1.94,35.79,69.56,low,Q1,3,5,1,9
126,Customer_126,13,13,677.39,532,317,0.73,52.11,38.2,low,Q1,1,4,2,7
127,Customer_127,7,7,1103.47,427,1,0.49,157.64,77.53,low,Q2,5,1,3,9
128,Customer_128,14,14,842.98,422,190,1.0,60.21,59.93,low,Q2,2,4,2,8
129,Customer_129,14,14,2166.38,236,113,1.78,154.74,275.39,low,Q4,3,4,5,12
130,Customer_130,10,10,682.88,44,25,6.82,68.29,465.6,medium,Q1,5,2,2,9
131,Customer_131,15,15,1869.7,583,312,0.77,124.65,96.21,low,Q4,1,4,5,10
132,Customer_132,13,13,1723.71,490,117,0.8,132.59,105.53,low,Q4,3,4,4,11
133,Customer_133,13,13,1358.0,720,134,0.54,104.46,56.58,low,Q3,3,4,3,10
134,Customer_134,10,10,723.23,604,58,0.5,72.32,35.92,low,Q1,4,2,2,8
135,Customer_135,11,11,637.56,270,44,1.22,57.96,70.84,low,Q1,4,2,1,7
136,Customer_136,13,13,391.88,593,173,0.66,30.14,19.83,low,Q1,2,4,1,7
137,Customer_137,11,11,793.23,125,32,2.64,72.11,190.38,medium,Q2,5,2,2,9
138,Customer_138,15,15,1893.6,514,173,0.88,126.24,110.52,low,Q4,2,4,5,11
139,Customer_139,7,7,1193.06,436,317,0.48,170.44,82.09,low,Q2,1,1,3,5
140,Customer_140,10,10,1600.37,260,47,1.15,160.04,184.66,low,Q3,4,2,4,10
141,Customer_141,9,9,1293.66,684,149,0.39,143.74,56.74,low,Q3,3,1,3,7
142,Customer_142,11,11,1619.3,200,80,1.65,147.21,242.9,low,Q3,4,2,4,10
143,Customer_143,14,14,1793.02,570,374,0.74,128.07,94.37,low,Q4,1,4,5,10
144,Customer_144,6,6,392.07,65,21,2.77,65.34,180.96,medium,Q1,5,1,1,7
145,Customer_145,12,12,1987.38,554,203,0.65,165.62,107.62,low,Q4,2,3,5,10
146,Customer_146,14,14,1805.49,189,147,2.22,128.96,286.59,medium,Q4,3,4,5,12
147,Customer_147,12,12,1342.42,728,532,0.49,111.87,55.32,low,Q3,1,3,3,7
148,Customer_148,8,8,337.63,272,185,0.88,42.2,37.24,low,Q1,2,1,1,4
149,Customer_149,10,10,942.94,115,18,2.61,94.29,245.98,medium,Q2,5,2,2,9
150,Customer_150,8,8,770.84,607,47,0.4,96.36,38.1,low,Q2,4,1,2,7
151,Customer_151,15,15,2385.11,711,233,0.63,159.01,100.64,low,Q4,2,4,5,11
152,Customer_152,8,8,877.84,586,305,0.41,109.73,44.94,low,Q2,1,1,2,4
153,Customer_153,9,9,755.66,603,14,0.45,83.96,37.6,low,Q2,5,1,2,8
154,Customer_154,12,12,2116.85,675,143,0.53,176.4,94.08,low,Q4,3,3,5,11
155,Customer_155,13,13,548.1,57,31,6.84,42.16,288.47,medium,Q1,5,4,1,10
156,Customer_156,17,17,1538.42,649,513,0.79,90.5,71.11,low,Q3,1,5,4,10
157,Customer_157,12,12,378.17,585,373,0.62,31.51,19.39,low,Q1,1,3,1,5
158,Customer_158,11,11,1536.54,369,54,0.89,139.69,124.92,low,Q3,4,2,4,10
159,Customer_159,9,9,1505.72,360,259,0.75,167.3,125.48,low,Q3,2,1,4,7
160,Customer_160,12,12,820.87,669,471,0.54,68.41,36.81,low,Q2,1,3,2,6
161,Customer_161,9,9,1422.39,535,12,0.5,158.04,79.76,low,Q3,5,1,4,10
162,Customer_162,12,12,843.53,377,224,0.95,70.29,67.12,low,Q2,2,3,2,7
163,Customer_163,13,13,2160.2,502,272,0.78,166.17,129.1,low,Q4,2,4,5,11
164,Customer_164,10,10,1418.64,260,200,1.15,141.86,163.69,low,Q3,2,2,4,8
165,Customer_165,13,13,1946.89,219,102,1.78,149.76,266.7,low,Q4,3,4,5,12
166,Customer_166,16,16,444.66,254,152,1.89,27.79,52.52,low,Q1,3,5,1,9
167,Customer_167,14,14,2439.3,414,156,1.01,174.24,176.76,low,Q4,2,4,5,11
168,Customer_168,15,15,2064.51,406,8,1.11,137.63,152.55,low,Q4,5,4,5,14
169,Customer_169,7,7,505.65,312,122,0.67,72.24,48.62,low,Q1,3,1,1,5
170,Customer_170,15,15,2303.34,662,348,0.68,153.56,104.38,low,Q4,1,4,5,10
171,Customer_171,12,12,823.63,657,90,0.55,68.64,37.61,low,Q2,3,3,2,8
172,Customer_172,10,10,1602.77,288,136,1.04,160.28,166.96,low,Q3,3,2,4,9
173,Customer_173,9,9,382.05,388,186,0.7,42.45,29.54,low,Q1,2,1,1,4
174,Customer_174,12,12,1608.86,485,316,0.74,134.07,99.52,low,Q3,1,3,4,8
175,Customer_175,7,7,761.66,440,178,0.48,108.81,51.93,low,Q2,2,1,2,5
176,Customer_176,10,10,399.63,678,540,0.44,39.96,17.68,low,Q1,1,2,1,4
177,Customer_177,18,18,1124.88,347,220,1.56,62.49,97.25,low,Q2,2,5,3,10
178,Customer_178,19,19,511.53,706,41,0.81,26.92,21.74,low,Q1,4,5,1,10
179,Customer_179,5,5,488.3,254,192,0.59,97.66,57.67,low,Q1,2,1,1,4
180,Customer_180,14,14,1003.75,263,155,1.6,71.7,114.5,low,Q2,3,4,2,9
181,Customer_181,13,13,1530.69,713,502,0.55,117.75,64.4,low,Q3,1,4,4,9
182,Customer_182,13,13,923.93,693,145,0.56,71.07,40.0,low,Q2,3,4,2,9
183,Customer_183,10,10,714.87,403,201,0.74,71.49,53.22,low,Q1,2,2,2,6
184,Customer_184,15,15,2102.92,701,461,0.64,140.19,90.0,low,Q4,1,5,5,11
185,Customer_185,11,11,357.08,637,220,0.52,32.46,16.82,low,Q1,2,2,1,5
186,Customer_186,11,11,1814.44,501,240,0.66,164.95,108.65,low,Q4,2,2,5,9
187,Customer_187,15,15,2356.51,262,157,1.72,157.1,269.83,low,Q4,2,5,5,12
188,Customer_188,9,9,1156.59,721,558,0.37,128.51,48.12,low,Q2,1,1,3,5
189,Customer_189,14,14,1637.29,142,35,2.96,116.95,345.91,medium,Q3,5,4,4,13
190,Customer_190,8,8,1306.46,526,253,0.46,163.31,74.51,low,Q3,2,1,3,6
191,Customer_191,19,19,1020.8,471,82,1.21,53.73,65.02,low,Q2,4,5,3,12
192,Customer_192,13,13,484.12,593,371,0.66,37.24,24.49,low,Q1,1,4,1,6
193,Customer_193,11,11,683.36,297,197,1.11,62.12,69.03,low,Q1,2,2,2,6
194,Customer_194,9,9,1333.44,539,303,0.5,148.16,74.22,low,Q3,1,1,3,5
195,Customer_195,11,11,334.11,415,10,0.8,30.37,24.15,low,Q1,5,2,1,8
196,Customer_196,13,13,1499.36,416,312,0.94,115.34,108.13,low,Q3,1,4,4,9
197,Customer_197,13,13,2330.81,142,30,2.75,179.29,492.42,medium,Q4,5,4,5,14
198,Customer_198,12,12,1891.59,642,242,0.56,157.63,88.39,low,Q4,2,3,5,10
199,Customer_199,7,7,740.77,654,251,0.32,105.82,33.98,low,Q1,2,1,2,5
200,Customer_200,11,11,383.51,110,5,3.0,34.86,104.59,medium,Q1,5,2,1,8
201,Customer_201,12,12,1846.35,728,119,0.49,153.86,76.09,low,Q4,3,3,5,11
202,Customer_202,13,13,1531.94,142,33,2.75,117.84,323.65,medium,Q3,5,4,4,13
203,Customer_203,15,15,642.22,31,22,14.52,42.81,621.5,high,Q1,5,5,2,12
204,Customer_204,11,11,435.03,671,65,0.49,39.55,19.45,low,Q1,4,2,1,7
205,Customer_205,6,6,995.95,249,146,0.72,165.99,119.99,low,Q2,3,1,2,6
206,Customer_206,12,12,1544.71,595,224,0.61,128.73,77.88,low,Q3,2,3,4,9
207,Customer_207,10,10,1535.39,254,177,1.18,153.54,181.35,low,Q3,2,2,4,8
208,Customer_208,16,16,2579.87,414,267,1.16,161.24,186.95,low,Q4,2,5,5,12
209,Customer_209,7,7,795.37,432,341,0.49,113.62,55.23,low,Q2,1,1,2,4
210,Customer_210,12,12,1262.45,667,282,0.54,105.2,56.78,low,Q3,1,3,3,7
211,Customer_211,14,14,1284.03,159,63,2.64,91.72,242.27,medium,Q3,4,4,3,11
212,Customer_212,12,12,889.52,82,25,4.39,74.13,325.43,medium,Q2,5,3,2,10
213,Customer_213,10,10,923.62,713,461,0.42,92.36,38.86,low,Q2,1,2,2,5
214,Customer_214,6,6,869.71,701,105,0.26,144.95,37.22,low,Q2,3,1,2,6
215,Customer_215,7,7,828.09,445,99,0.47,118.3,55.83,low,Q2,3,1,2,6
216,Customer_216,14,14,2286.78,276,129,1.52,163.34,248.56,low,Q4,3,4,5,12
217,Customer_217,8,8,749.79,468,311,0.51,93.72,48.06,low,Q2,1,1,2,4
218,Customer_218,7,7,833.69,232,6,0.91,119.1,107.8,low,Q2,5,1,2,8
219,Customer_219,14,14,1719.94,213,95,1.97,122.85,242.25,low,Q4,3,4,4,11
220,Customer_220,19,19,2217.55,152,5,3.75,116.71,437.67,medium,Q4,5,5,5,15
221,Customer_221,12,12,1606.9,430,259,0.84,133.91,112.11,low,Q3,2,3,4,9
222,Customer_222,15,15,927.03,323,23,1.39,61.8,86.1,low,Q2,5,5,2,12
223,Customer_223,16,16,1670.66,309,229,1.55,104.42,162.2,low,Q4,2,5,4,11
224,Customer_224,17,17,699.63,639,53,0.8,41.15,32.85,low,Q1,4,5,2,11
225,Customer_225,16,16,1353.59,227,165,2.11,84.6,178.89,medium,Q3,2,5,3,10
226,Customer_226,13,13,1307.65,540,202,0.72,100.59,72.65,low,Q3,2,4,3,9
227,Customer_227,14,14,1765.33,173,83,2.43,126.1,306.13,medium,Q4,4,4,4,12
228,Customer_228,5,5,861.66,638,145,0.24,172.33,40.52,low,Q2,3,1,2,6
229,Customer_229,10,10,1181.01,230,85,1.3,118.1,154.04,low,Q2,4,2,3,9
230,Customer_230,15,15,2103.86,153,78,2.94,140.26,412.52,medium,Q4,4,5,5,14
231,Customer_231,12,12,1241.65,216,110,1.67,103.47,172.45,low,Q3,3,3,3,9
232,Customer_232,14,14,1726.01,355,1,1.18,123.29,145.86,low,Q4,5,4,4,13
233,Customer_233,14,14,503.92,493,51,0.85,35.99,30.66,low,Q1,4,4,1,9
234,Customer_234,14,14,902.03,378,173,1.11,64.43,71.59,low,Q2,2,4,2,8
235,Customer_235,12,12,973.05,689,446,0.52,81.09,42.37,low,Q2,1,3,2,6
236,Customer_236,14,14,1375.31,432,288,0.97,98.24,95.51,low,Q3,1,4,4,9
237,Customer_237,11,11,352.83,375,34,0.88,32.08,28.23,low,Q1,5,2,1,8
238,Customer_238,13,13,607.15,540,348,0.72,46.7,33.73,low,Q1,1,4,1,6
239,Customer_239,14,14,950.69,176,95,2.39,67.91,162.05,medium,Q2,3,4,2,9
240,Customer_240,11,11,1931.46,177,72,1.86,175.59,327.37,low,Q4,4,2,5,11
241,Customer_241,9,9,687.23,518,39,0.52,76.36,39.8,low,Q1,4,1,2,7
242,Customer_242,13,13,1296.31,669,154,0.58,99.72,58.13,low,Q3,3,4,3,10
243,Customer_243,18,18,997.11,580,250,0.93,55.4,51.57,low,Q2,2,5,2,9
244,Customer_244,12,12,1436.05,367,162,0.98,119.67,117.39,low,Q3,2,3,4,9
245,Customer_245,17,17,1164.6,670,438,0.76,68.51,52.15,low,Q2,1,5,3,9
246,Customer_246,12,12,685.01,502,118,0.72,57.08,40.94,low,Q1,3,3,2,8
247,Customer_247,13,13,1365.89,180,3,2.17,105.07,227.65,medium,Q3,5,4,3,12
248,Customer_248,9,9,232.68,444,306,0.61,25.85,15.72,low,Q1,1,1,1,3
249,Customer_249,10,10,261.88,327,54,0.92,26.19,24.03,low,Q1,4,2,1,7
250,Customer_250,11,11,648.51,640,236,0.52,58.96,30.4,low,Q1,2,2,2,6
251,Customer_251,6,6,184.15,292,133,0.62,30.69,18.92,low,Q1,3,1,1,5
252,Customer_252,12,12,500.93,173,57,2.08,41.74,86.87,medium,Q1,4,3,1,8
253,Customer_253,16,16,1240.37,375,112,1.28,77.52,99.23,low,Q3,3,5,3,11
254,Customer_254,9,9,1344.61,653,303,0.41,149.4,61.77,low,Q3,1,1,3,5
255,Customer_255,14,14,1591.35,601,407,0.7,113.67,79.44,low,Q3,1,4,4,9
256,Customer_256,8,8,835.71,31,15,7.74,104.46,808.75,medium,Q2,5,1,2,8
257,Customer_257,15,15,1057.36,333,229,1.35,70.49,95.26,low,Q2,2,5,3,10
258,Customer_258,12,12,2033.06,283,85,1.27,169.42,215.52,low,Q4,4,3,5,12
259,Customer_259,15,15,1298.06,681,75,0.66,86.54,57.18,low,Q3,4,5,3,12
260,Customer_260,17,17,654.49,482,103,1.06,38.5,40.74,low,Q1,3,5,2,10
261,Customer_261,7,7,844.52,66,38,3.18,120.65,383.87,medium,Q2,4,1,2,7
262,Customer_262,5,5,213.22,189,38,0.79,42.64,33.84,low,Q1,4,1,1,6
263,Customer_263,19,19,1491.68,38,18,15.0,78.51,1177.64,high,Q3,5,5,4,14
264,Customer_264,7,7,725.54,262,98,0.8,103.65,83.08,low,Q1,3,1,2,6
265,Customer_265,19,19,3049.59,128,82,4.45,160.5,714.75,medium,Q4,4,5,5,14
266,Customer_266,12,12,1218.0,688,335,0.52,101.5,53.11,low,Q2,1,3,3,7
267,Customer_267,21,21,2810.85,237,91,2.66,133.85,355.8,medium,Q4,3,5,5,13
268,Customer_268,20,20,3577.73,160,51,3.75,178.89,670.82,medium,Q4,4,5,5,14
269,Customer_269,17,17,771.47,433,308,1.18,45.38,53.45,low,Q2,1,5,2,8
270,Customer_270,12,12,811.0,181,79,1.99,67.58,134.42,low,Q2,4,3,2,9
271,Customer_271,14,14,1206.23,83,30,5.06,86.16,435.99,medium,Q2,5,4,3,12
272,Customer_272,14,14,1265.37,149,106,2.82,90.38,254.77,medium,Q3,3,4,3,10
273,Customer_273,11,11,975.79,702,81,0.47,88.71,41.7,low,Q2,4,2,2,8
274,Customer_274,8,8,1325.44,657,133,0.37,165.68,60.52,low,Q3,3,1,3,7
275,Customer_275,14,14,1899.45,616,285,0.68,135.68,92.51,low,Q4,1,4,5,10
276,Customer_276,13,13,1549.93,654,138,0.6,119.23,71.1,low,Q3,3,4,4,11
277,Customer_277,13,13,948.39,449,184,0.87,72.95,63.37,low,Q2,2,4,2,8
278,Customer_278,18,18,2748.38,451,330,1.2,152.69,182.82,low,Q4,1,5,5,11
279,Customer_279,14,14,2422.48,133,17,3.16,173.03,546.42,medium,Q4,5,4,5,14
280,Customer_280,14,14,2132.0,283,84,1.48,152.29,226.01,low,Q4,4,4,5,13
281,Customer_281,14,14,353.4,256,69,1.64,25.24,41.41,low,Q1,4,4,1,9
282,Customer_282,11,11,1360.06,141,34,2.34,123.64,289.37,medium,Q3,5,2,3,10
283,Customer_283,15,15,493.89,539,262,0.83,32.93,27.49,low,Q1,2,5,1,8
284,Customer_284,11,11,714.22,502,53,0.66,64.93,42.68,low,Q1,4,2,2,8
285,Customer_285,11,11,376.49,128,66,2.58,34.23,88.24,medium,Q1,4,2,1,7
286,Customer_286,7,7,830.12,182,126,1.15,118.59,136.83,low,Q2,3,1,2,6
287,Customer_287,11,11,1445.64,367,235,0.9,131.42,118.17,low,Q3,2,2,4,8
288,Customer_288,14,14,598.44,192,43,2.19,42.75,93.51,medium,Q1,4,4,1,9
289,Customer_289,11,11,929.45,710,111,0.46,84.5,39.27,low,Q2,3,2,2,7
290,Customer_290,11,11,1052.88,190,151,1.74,95.72,166.24,low,Q2,3,2,3,8
291,Customer_291,6,6,493.22,609,183,0.3,82.2,24.3,low,Q1,2,1,1,4
292,Customer_292,14,14,612.62,427,336,0.98,43.76,43.04,low,Q1,1,4,1,6
293,Customer_293,12,12,1079.24,306,95,1.18,89.94,105.81,low,Q2,3,3,3,9
294,Customer_294,16,16,2262.92,533,374,0.9,141.43,127.37,low,Q4,1,5,5,11
295,Customer_295,12,12,432.07,421,8,0.86,36.01,30.79,low,Q1,5,3,1,9
296,Customer_296,10,10,374.28,164,104,1.83,37.43,68.47,low,Q1,3,2,1,6
297,Customer_297,11,11,879.89,224,132,1.47,79.99,117.84,low,Q2,3,2,2,7
298,Customer_298,12,12,2051.61,430,184,0.84,170.97,143.14,low,Q4,2,3,5,10
299,Customer_299,17,17,2186.69,669,281,0.76,128.63,98.06,low,Q4,1,5,5,11
300,Customer_300,18,18,2343.49,62,3,8.71,130.19,1133.95,medium,Q4,5,5,5,15
301,Customer_301,19,19,1540.85,717,195,0.79,81.1,64.47,low,Q3,2,5,4,11
302,Customer_302,7,7,819.12,489,155,0.43,117.02,50.25,low,Q2,3,1,2,6
303,Customer_303,9,9,239.13,499,93,0.54,26.57,14.38,low,Q1,3,1,1,5
304,Customer_304,10,10,1235.95,404,160,0.74,123.6,91.78,low,Q3,2,2,3,7
305,Customer_305,12,12,1998.71,51,19,7.06,166.56,1175.71,medium,Q4,5,3,5,13
306,Customer_306,13,13,1559.34,699,5,0.56,119.95,66.92,low,Q3,5,4,4,13
307,Customer_307,9,9,1443.81,67,18,4.03,160.42,646.48,medium,Q3,5,1,4,10
308,Customer_308,7,7,960.51,259,92,0.81,137.22,111.26,low,Q2,3,1,2,6
309,Customer_309,14,14,611.61,394,170,1.07,43.69,46.57,low,Q1,2,4,1,7
310,Customer_310,12,12,1978.56,592,317,0.61,164.88,100.26,low,Q4,1,3,5,9
311,Customer_311,7,7,247.09,467,22,0.45,35.3,15.87,low,Q1,5,1,1,7
312,Customer_312,12,12,1293.18,312,149,1.15,107.76,124.34,low,Q3,3,3,3,9
313,Customer_313,12,12,564.38,56,6,6.43,47.03,302.35,medium,Q1,5,3,1,9
314,Customer_314,13,13,348.59,255,1,1.53,26.81,41.01,low,Q1,5,4,1,10
315,Customer_315,17,17,1537.06,306,133,1.67,90.42,150.69,low,Q3,3,5,4,12
316,Customer_316,9,9,636.58,638,233,0.42,70.73,29.93,low,Q1,2,1,1,4
317,Customer_317,11,11,1103.63,313,12,1.05,100.33,105.78,low,Q2,5,2,3,10
318,Customer_318,17,17,1945.92,510,346,1.0,114.47,114.47,low,Q4,1,5,5,11
319,Customer_319,9,9,286.02,482,46,0.56,31.78,17.8,low,Q1,4,1,1,6
320,Customer_320,11,11,484.72,688,546,0.48,44.07,21.14,low,Q1,1,2,1,4
321,Customer_321,11,11,1227.49,545,433,0.61,111.59,67.57,low,Q2,1,2,3,6
322,Customer_322,8,8,625.53,576,78,0.42,78.19,32.58,low,Q1,4,1,1,6
323,Customer_323,16,16,2208.35,221,45,2.17,138.02,299.78,medium,Q4,4,5,5,14
324,Customer_324,6,6,756.63,78,27,2.31,126.1,291.01,medium,Q2,5,1,2,8
325,Customer_325,13,13,2028.89,541,73,0.72,156.07,112.51,low,Q4,4,4,5,13
326,Customer_326,12,12,1588.04,46,26,7.83,132.34,1035.68,medium,Q3,5,3,4,12
327,Customer_327,11,11,1008.03,201,47,1.64,91.64,150.45,low,Q2,4,2,3,9
328,Customer_328,11,11,1422.41,249,121,1.33,129.31,171.37,low,Q3,3,2,4,9
329,Customer_329,14,14,947.58,187,56,2.25,67.68,152.02,medium,Q2,4,4,2,10
330,Customer_330,7,7,507.35,506,350,0.42,72.48,30.08,low,Q1,1,1,1,3
331,Customer_331,13,13,1914.81,75,43,5.2,147.29,765.92,medium,Q4,4,4,5,13
332,Customer_332,6,6,565.17,402,319,0.45,94.2,42.18,low,Q1,1,1,1,3
333,Customer_333,17,17,2528.73,547,48,0.93,148.75,138.69,low,Q4,4,5,5,14
334,Customer_334,10,10,1524.75,128,61,2.34,152.48,357.36,medium,Q3,4,2,4,10
335,Customer_335,10,10,1579.22,66,17,4.55,157.92,717.83,medium,Q3,5,2,4,11
336,Customer_336,12,12,2004.94,309,26,1.17,167.08,194.65,low,Q4,5,3,5,13
337,Customer_337,15,15,1377.04,378,292,1.19,91.8,109.29,low,Q3,1,5,4,10
338,Customer_338,12,12,893.09,526,257,0.68,74.42,50.94,low,Q2,2,3,2,7
339,Customer_339,14,14,1613.37,331,8,1.27,115.24,146.23,low,Q3,5,4,4,13
340,Customer_340,10,10,825.32,210,113,1.43,82.53,117.9,low,Q2,3,2,2,7
341,Customer_341,14,14,1654.33,636,355,0.66,118.17,78.03,low,Q3,1,4,4,9
342,Customer_342,14,14,1881.12,128,52,3.28,134.37,440.89,medium,Q4,4,4,5,13
343,Customer_343,5,5,658.51,729,303,0.21,131.7,27.1,low,Q1,1,1,2,4
344,Customer_344,20,20,1661.11,145,56,4.14,83.06,343.68,medium,Q3,4,5,4,13
345,Customer_345,14,14,712.09,220,14,1.91,50.86,97.1,low,Q1,5,4,2,11
346,Customer_346,12,12,1100.78,282,218,1.28,91.73,117.1,low,Q2,2,3,3,8
347,Customer_347,11,11,518.12,190,28,1.74,47.1,81.81,low,Q1,5,2,1,8
348,Customer_348,10,10,1629.65,285,215,1.05,162.96,171.54,low,Q3,2,2,4,8
349,Customer_349,9,9,707.5,352,78,0.77,78.61,60.3,low,Q1,4,1,2,7
350,Customer_350,18,18,880.94,157,88,3.44,48.94,168.33,medium,Q2,3,5,2,10
351,Customer_351,16,16,463.11,47,2,10.21,28.94,295.6,high,Q1,5,5,1,11
352,Customer_352,13,13,1626.33,595,365,0.66,125.1,82.0,low,Q3,1,4,4,9
353,Customer_353,15,15,1855.8,599,154,0.75,123.72,92.94,low,Q4,3,5,5,13
354,Customer_354,14,14,1089.11,352,14,1.19,77.79,92.82,low,Q2,5,4,3,12
355,Customer_355,10,10,361.15,715,312,0.42,36.11,15.15,low,Q1,1,2,1,4
356,Customer_356,10,10,884.92,655,7,0.46,88.49,40.53,low,Q2,5,2,2,9
357,Customer_357,19,19,1391.54,317,3,1.8,73.24,131.69,low,Q3,5,5,4,14
358,Customer_358,10,10,1299.54,692,363,0.43,129.95,56.34,low,Q3,1,2,3,6
359,Customer_359,11,11,1307.85,668,508,0.49,118.9,58.74,low,Q3,1,2,3,6
360,Customer_360,16,16,1304.19,184,18,2.61,81.51,212.64,medium,Q3,5,5,3,13
361,Customer_361,18,18,1057.92,519,294,1.04,58.77,61.15,low,Q2,1,5,3,9
362,Customer_362,16,16,2850.33,415,227,1.16,178.15,206.05,low,Q4,2,5,5,12
363,Customer_363,15,15,1430.55,133,15,3.38,95.37,322.68,medium,Q3,5,5,4,14
364,Customer_364,10,10,1316.83,422,192,0.71,131.68,93.61,low,Q3,2,2,3,7
365,Customer_365,11,11,514.64,275,217,1.2,46.79,56.14,low,Q1,2,2,1,5
366,Customer_366,14,14,1403.73,205,119,2.05,100.27,205.42,medium,Q3,3,4,4,11
367,Customer_367,16,16,468.29,68,37,7.06,29.27,206.6,medium,Q1,4,5,1,10
368,Customer_368,12,12,1240.15,506,28,0.71,103.35,73.53,low,Q3,5,3,3,11
369,Customer_369,15,15,2616.34,711,39,0.63,174.42,110.39,low,Q4,4,5,5,14
370,Customer_370,12,12,1014.62,567,441,0.63,84.55,53.68,low,Q2,1,3,3,7
371,Customer_371,8,8,248.36,437,273,0.55,31.04,17.05,low,Q1,2,1,1,4
372,Customer_372,5,5,148.99,554,231,0.27,29.8,8.07,low,Q1,2,1,1,4
373,Customer_373,11,11,936.52,535,86,0.62,85.14,52.52,low,Q2,4,2,2,8
374,Customer_374,12,12,597.65,65,26,5.54,49.8,275.84,medium,Q1,5,3,1,9
375,Customer_375,7,7,200.34,714,126,0.29,28.62,8.42,low,Q1,3,1,1,5
376,Customer_376,9,9,1279.92,49,25,5.51,142.21,783.62,medium,Q3,5,1,3,9
377,Customer_377,14,14,1344.99,350,145,1.2,96.07,115.28,low,Q3,3,4,3,10
378,Customer_378,12,12,838.0,541,13,0.67,69.83,46.47,low,Q2,5,3,2,10
379,Customer_379,9,9,1480.62,429,212,0.63,164.51,103.54,low,Q3,2,1,4,7
380,Customer_380,7,7,301.01,683,25,0.31,43.0,13.22,low,Q1,5,1,1,7
381,Customer_381,7,7,1212.17,500,68,0.42,173.17,72.73,low,Q2,4,1,3,8
382,Customer_382,5,5,368.32,172,67,0.87,73.66,64.24,low,Q1,4,1,1,6
383,Customer_383,13,13,2115.13,121,18,3.22,162.7,524.41,medium,Q4,5,4,5,14
384,Customer_384,13,13,1539.93,383,111,1.02,118.46,120.62,low,Q3,3,4,4,11
385,Customer_385,11,11,1684.54,80,36,4.12,153.14,631.7,medium,Q4,4,2,4,10
386,Customer_386,17,17,3017.87,694,111,0.73,177.52,130.46,low,Q4,3,5,5,13
387,Customer_387,8,8,557.62,727,470,0.33,69.7,23.01,low,Q1,1,1,1,3
388,Customer_388,11,11,1913.74,604,34,0.55,173.98,95.05,low,Q4,5,2,5,12
389,Customer_389,12,12,1024.44,219,111,1.64,85.37,140.33,low,Q2,3,3,3,9
390,Customer_390,9,9,762.79,154,8,1.75,84.75,148.6,low,Q2,5,1,2,8
391,Customer_391,7,7,544.32,179,113,1.17,77.76,91.23,low,Q1,3,1,1,5
392,Customer_392,9,9,980.26,343,236,0.79,108.92,85.74,low,Q2,2,1,2,5
393,Customer_393,12,12,586.71,599,83,0.6,48.89,29.38,low,Q1,4,3,1,8
394,Customer_394,12,12,1329.9,371,42,0.97,110.82,107.54,low,Q3,4,3,3,10
395,Customer_395,16,16,1743.43,334,101,1.44,108.96,156.6,low,Q4,3,5,4,12
396,Customer_396,12,12,1717.14,721,518,0.5,143.1,71.45,low,Q4,1,3,4,8
397,Customer_397,10,10,1542.16,711,282,0.42,154.22,65.07,low,Q3,1,2,4,7
398,Customer_398,12,12,1119.22,83,64,4.34,93.27,404.54,medium,Q2,4,3,3,10
399,Customer_399,11,11,790.48,473,226,0.7,71.86,50.14,low,Q2,2,3,2,7
400,Customer_400,10,10,651.97,642,443,0.47,65.2,30.47,low,Q1,1,2,2,5
401,Customer_401,11,11,606.83,293,184,1.13,55.17,62.13,low,Q1,2,3,1,6
402,Customer_402,16,16,542.97,82,59,5.85,33.94,198.65,medium,Q1,4,5,1,10
403,Customer_403,17,17,1327.35,601,365,0.85,78.08,66.26,low,Q3,1,5,3,9
404,Customer_404,13,13,869.55,649,377,0.6,66.89,40.19,low,Q2,1,4,2,7
405,Customer_405,17,17,2971.51,34,1,15.0,174.79,2621.92,high,Q4,5,5,5,15
406,Customer_406,13,13,1448.78,132,53,2.95,111.44,329.27,medium,Q3,4,4,4,12
407,Customer_407,12,12,945.94,225,150,1.6,78.83,126.13,low,Q2,3,3,2,8
408,Customer_408,15,15,1724.59,379,277,1.19,114.97,136.51,low,Q4,1,5,4,10
409,Customer_409,14,14,652.06,76,6,5.53,46.58,257.39,medium,Q1,5,4,2,11
410,Customer_410,6,6,562.96,685,503,0.26,93.83,24.66,low,Q1,1,1,1,3
411,Customer_411,15,15,1830.99,298,112,1.51,122.07,184.33,low,Q4,3,5,5,13
412,Customer_412,10,10,1007.79,399,4,0.75,100.78,75.77,low,Q2,5,2,3,10
413,Customer_413,15,15,1309.14,665,350,0.68,87.28,59.06,low,Q3,1,5,3,9
414,Customer_414,8,8,1432.37,135,75,1.78,179.05,318.3,low,Q3,4,1,4,9
415,Customer_415,7,7,1130.14,699,446,0.3,161.45,48.5,low,Q2,1,1,3,5
416,Customer_416,15,15,1824.42,688,350,0.65,121.63,79.55,low,Q4,1,5,5,11
417,Customer_417,22,22,2491.58,686,137,0.96,113.25,108.96,low,Q4,3,5,5,13
418,Customer_418,15,15,1818.04,149,3,3.02,121.2,366.05,medium,Q4,5,5,5,15
419,Customer_419,11,11,618.24,633,243,0.52,56.2,29.3,low,Q1,2,3,1,6
420,Customer_420,7,7,603.72,87,31,2.41,86.25,208.18,medium,Q1,5,1,1,7
421,Customer_421,15,15,466.74,375,40,1.2,31.12,37.34,low,Q1,4,5,1,10
422,Customer_422,12,12,1184.52,503,229,0.72,98.71,70.65,low,Q2,2,3,3,8
423,Customer_423,13,13,1419.19,146,36,2.67,109.17,291.61,medium,Q3,4,4,4,12
424,Customer_424,14,14,844.22,156,24,2.69,60.3,162.35,medium,Q2,5,4,2,11
425,Customer_425,9,9,1569.82,422,223,0.64,174.42,111.6,low,Q3,2,1,4,7
426,Customer_426,11,11,1825.62,670,6,0.49,165.97,81.74,low,Q4,5,3,5,13
427,Customer_427,9,9,1232.39,87,66,3.1,136.93,424.96,medium,Q3,4,1,3,8
428,Customer_428,13,13,1399.77,663,468,0.59,107.67,63.34,low,Q3,1,4,4,9
429,Customer_429,9,9,1438.61,542,220,0.5,159.85,79.63,low,Q3,2,2,4,8
430,Customer_430,12,12,543.01,125,75,2.88,45.25,130.32,medium,Q1,4,3,1,8
431,Customer_431,14,14,2065.41,667,4,0.63,147.53,92.9,low,Q4,5,4,5,14
432,Customer_432,14,14,620.86,147,79,2.86,44.35,126.71,medium,Q1,4,4,1,9
433,Customer_433,19,19,2813.95,589,134,0.97,148.1,143.33,low,Q4,3,5,5,13
434,Customer_434,8,8,541.95,630,118,0.38,67.74,25.81,low,Q1,3,1,1,5
435,Customer_435,14,14,2253.29,517,369,0.81,160.95,130.75,low,Q4,1,4,5,10
436,Customer_436,9,9,1541.94,266,94,1.02,171.33,173.9,low,Q3,3,2,4,9
437,Customer_437,12,12,576.76,301,230,1.2,48.06,57.48,low,Q1,2,3,1,6
438,Customer_438,12,12,1160.58,218,62,1.65,96.71,159.71,low,Q2,4,3,3,10
439,Customer_439,13,13,2301.69,476,194,0.82,177.05,145.06,low,Q4,2,4,5,11
440,Customer_440,15,15,1498.92,610,335,0.74,99.93,73.72,low,Q3,1,5,4,10
441,Customer_441,12,12,1906.2,276,203,1.3,158.85,207.2,low,Q4,2,3,5,10
442,Customer_442,9,9,1046.28,105,8,2.57,116.25,298.94,medium,Q2,5,2,3,10
443,Customer_443,11,11,914.94,183,26,1.8,83.18,149.99,low,Q2,5,3,2,10
444,Customer_444,9,9,623.67,685,435,0.39,69.3,27.31,low,Q1,1,2,1,4
445,Customer_445,15,15,847.49,464,173,0.97,56.5,54.79,low,Q2,2,5,2,9
446,Customer_446,8,8,1144.63,115,44,2.09,143.08,298.6,medium,Q2,4,1,3,8
447,Customer_447,15,15,1273.71,726,326,0.62,84.91,52.63,low,Q3,1,5,3,9
448,Customer_448,11,11,1146.72,314,154,1.05,104.25,109.56,low,Q2,3,3,3,9
449,Customer_449,8,8,810.48,249,118,0.96,101.31,97.65,low,Q2,3,1,2,6
450,Customer_450,11,11,1259.26,98,68,3.37,114.48,385.49,medium,Q3,4,3,3,10
451,Customer_451,13,13,2069.14,76,19,5.13,159.16,816.77,medium,Q4,5,4,5,14
452,Customer_452,11,11,1947.16,123,84,2.68,177.01,474.92,medium,Q4,4,3,5,12
453,Customer_453,10,10,881.76,482,225,0.62,88.18,54.88,low,Q2,2,2,2,6
454,Customer_454,6,6,919.59,233,20,0.77,153.27,118.4,low,Q2,5,1,2,8
455,Customer_455,12,12,1722.02,247,113,1.46,143.5,209.15,low,Q4,3,3,4,10
456,Customer_456,13,13,1480.66,503,140,0.78,113.9,88.31,low,Q3,3,4,4,11
457,Customer_457,13,13,2251.43,461,47,0.85,173.19,146.51,low,Q4,4,4,5,13
458,Customer_458,15,15,841.1,370,1,1.22,56.07,68.2,low,Q2,5,5,2,12
459,Customer_459,16,16,670.98,580,90,0.83,41.94,34.71,low,Q1,3,5,2,10
460,Customer_460,6,6,944.18,641,142,0.28,157.36,44.19,low,Q2,3,1,2,6
461,Customer_461,10,10,930.68,318,64,0.94,93.07,87.8,low,Q2,4,2,2,8
462,Customer_462,14,14,2187.92,283,38,1.48,156.28,231.93,low,Q4,4,4,5,13
463,Customer_463,12,12,1961.15,386,293,0.93,163.43,152.42,low,Q4,1,3,5,9
464,Customer_464,8,8,277.45,52,11,4.62,34.68,160.07,medium,Q1,5,1,1,7
465,Customer_465,11,11,1781.31,551,356,0.6,161.94,96.99,low,Q4,1,3,5,9
466,Customer_466,9,9,850.41,129,77,2.09,94.49,197.77,medium,Q2,4,2,2,8
467,Customer_467,18,18,1874.11,209,3,2.58,104.12,269.01,medium,Q4,5,5,5,15
468,Customer_468,11,11,1343.34,252,161,1.31,122.12,159.92,low,Q3,2,3,3,8
469,Customer_469,15,15,2528.84,688,10,0.65,168.59,110.27,low,Q4,5,5,5,15
470,Customer_470,11,11,307.59,471,261,0.7,27.96,19.59,low,Q1,2,3,1,6
471,Customer_471,11,11,1088.02,637,407,0.52,98.91,51.24,low,Q2,1,3,3,7
472,Customer_472,13,13,1710.76,354,138,1.1,131.6,144.98,low,Q4,3,4,4,11
473,Customer_473,10,10,1370.2,545,172,0.55,137.02,75.42,low,Q3,2,2,3,7
474,Customer_474,16,16,2117.48,45,2,10.67,132.34,1411.65,high,Q4,5,5,5,15
475,Customer_475,12,12,550.05,365,13,0.99,45.84,45.21,low,Q1,5,3,1,9
476,Customer_476,19,19,1356.72,287,168,1.99,71.41,141.82,low,Q3,2,5,3,10
477,Customer_477,11,11,886.61,526,130,0.63,80.6,50.57,low,Q2,3,3,2,8
478,Customer_478,16,16,2395.0,189,84,2.54,149.69,380.16,medium,Q4,4,5,5,14
479,Customer_479,15,15,1023.12,504,321,0.89,68.21,60.9,low,Q2,1,5,3,9
480,Customer_480,12,12,691.91,693,319,0.52,57.66,29.95,low,Q1,1,3,2,6
481,Customer_481,6,6,1040.43,719,329,0.25,173.4,43.41,low,Q2,1,1,3,5
482,Customer_482,12,12,316.49,704,550,0.51,26.37,13.49,low,Q1,1,3,1,5
483,Customer_483,14,14,2515.27,409,94,1.03,179.66,184.49,low,Q4,3,4,5,12
484,Customer_484,8,8,1039.26,574,95,0.42,129.91,54.32,low,Q2,3,1,3,7
485,Customer_485,5,5,767.06,720,318,0.21,153.41,31.96,low,Q2,1,1,2,4
486,Customer_486,10,10,706.66,456,236,0.66,70.67,46.49,low,Q1,2,2,2,6
487,Customer_487,9,9,244.97,642,434,0.42,27.22,11.45,low,Q1,1,2,1,4
488,Customer_488,15,15,2090.55,297,78,1.52,139.37,211.17,low,Q4,4,5,5,14
489,Customer_489,15,15,2314.39,606,373,0.74,154.29,114.57,low,Q4,1,5,5,11
490,Customer_490,12,12,1677.29,446,137,0.81,139.77,112.82,low,Q4,3,3,4,10
491,Customer_491,7,7,329.99,197,76,1.07,47.14,50.25,low,Q1,4,1,1,6
492,Customer_492,11,11,1559.59,72,35,4.58,141.78,649.83,medium,Q3,4,3,4,11
493,Customer_493,17,17,2451.11,585,35,0.87,144.18,125.7,low,Q4,4,5,5,14
494,Customer_494,9,9,1143.66,314,1,0.86,127.07,109.27,low,Q2,5,2,3,10
495,Customer_495,14,14,2012.47,426,296,0.99,143.75,141.72,low,Q4,1,4,5,10
496,Customer_496,13,13,2029.53,41,22,9.51,156.12,1485.02,medium,Q4,5,4,5,14
497,Customer_497,10,10,1201.09,636,60,0.47,120.11,56.66,low,Q2,4,2,3,9
498,Customer_498,8,8,309.87,331,229,0.73,38.73,28.08,low,Q1,2,1,1,4
499,Customer_499,13,13,1307.57,282,14,1.38,100.58,139.1,low,Q3,5,4,3,12
500,Customer_500,14,14,518.5,528,316,0.8,37.04,29.46,low,Q1,1,4,1,6
