customer_id,name,email,customer_type,signup_date,lifetime_value,region
1,Customer_1,customer_1@kalvium.community,Startup,2023-01-01,1019.2,West
2,Customer_2,customer_2@kalvium.community,Enterprise,2023-01-01,0.0,East
3,Customer_3,customer_3@kalvium.community,SMB,2023-01-01,813.32,Central
4,Customer_4,customer_4@kalvium.community,Startup,2023-01-02,505.06,North
5,Customer_5,customer_5@kalvium.community,Enterprise,2023-01-02,399.73,Central
6,Customer_6,customer_6@kalvium.community,Enterprise,2023-01-02,1079.39,North
7,Customer_7,customer_7@kalvium.community,Enterprise,2023-01-03,593.93,South
8,Customer_8,customer_8@kalvium.community,SMB,2023-01-03,1152.64,North
9,Customer_9,customer_9@kalvium.community,Startup,2023-01-03,247.53,West
10,Customer_10,customer_10@kalvium.community,SMB,2023-01-04,677.91,East
11,Customer_11,customer_11@kalvium.community,Enterprise,2023-01-04,370.15,South
12,Customer_12,customer_12@kalvium.community,Enterprise,2023-01-04,1359.13,North
13,Customer_13,customer_13@kalvium.community,SMB,2023-01-05,1112.49,Central
14,Customer_14,customer_14@kalvium.community,Enterprise,2023-01-05,311.67,South
15,Customer_15,customer_15@kalvium.community,Enterprise,2023-01-05,776.07,South
16,Customer_16,customer_16@kalvium.community,Enterprise,2023-01-06,373.8,North
17,Customer_17,customer_17@kalvium.community,Startup,2023-01-06,622.67,South
18,Customer_18,customer_18@kalvium.community,Startup,2023-01-06,334.81,Central
19,Customer_19,customer_19@kalvium.community,Startup,2023-01-07,1678.42,South
20,Customer_20,customer_20@kalvium.community,Startup,2023-01-07,1100.49,Central
21,Customer_21,customer_21@kalvium.community,Startup,2023-01-07,321.3,North
22,Customer_22,customer_22@kalvium.community,Enterprise,2023-01-08,1374.38,East
23,Customer_23,customer_23@kalvium.community,Startup,2023-01-08,458.17,South
24,Customer_24,customer_24@kalvium.community,Startup,2023-01-08,0.0,East
25,Customer_25,customer_25@kalvium.community,Startup,2023-01-09,1491.67,Central
26,Customer_26,customer_26@kalvium.community,SMB,2023-01-09,461.17,South
27,Customer_27,customer_27@kalvium.community,Enterprise,2023-01-09,58.84,West
28,Customer_28,customer_28@kalvium.community,Startup,2023-01-10,1127.98,East
29,Customer_29,customer_29@kalvium.community,Startup,2023-01-10,499.65,South
30,Customer_30,customer_30@kalvium.community,Enterprise,2023-01-10,408.85,East
31,Customer_31,customer_31@kalvium.community,Startup,2023-01-11,443.58,South
32,Customer_32,customer_32@kalvium.community,Enterprise,2023-01-11,365.69,North
33,Customer_33,customer_33@kalvium.community,Enterprise,2023-01-11,1338.4,East
34,Customer_34,customer_34@kalvium.community,Enterprise,2023-01-12,20.88,West
35,Customer_35,customer_35@kalvium.community,Enterprise,2023-01-12,641.19,West
36,Customer_36,customer_36@kalvium.community,SMB,2023-01-12,176.74,Central
37,Customer_37,customer_37@kalvium.community,Startup,2023-01-13,110.38,South
38,Customer_38,customer_38@kalvium.community,Enterprise,2023-01-13,892.58,East
39,Customer_39,customer_39@kalvium.community,Startup,2023-01-13,843.99,Central
40,Customer_40,customer_40@kalvium.community,Startup,2023-01-14,749.16,East
41,Customer_41,customer_41@kalvium.community,Enterprise,2023-01-14,572.74,South
42,Customer_42,customer_42@kalvium.community,Startup,2023-01-14,173.92,West
43,Customer_43,customer_43@kalvium.community,Enterprise,2023-01-15,1363.6,North
44,Customer_44,customer_44@kalvium.community,Enterprise,2023-01-15,1207.36,West
45,Customer_45,customer_45@kalvium.community,Startup,2023-01-15,152.04,Central
46,Customer_46,customer_46@kalvium.community,Startup,2023-01-16,43.89,North
47,Customer_47,customer_47@kalvium.community,Startup,2023-01-16,498.69,Central
48,Customer_48,customer_48@kalvium.community,Startup,2023-01-16,670.41,South
49,Customer_49,customer_49@kalvium.community,Startup,2023-01-17,783.69,North
50,Customer_50,customer_50@kalvium.community,Enterprise,2023-01-17,549.45,Central
51,Customer_51,customer_51@kalvium.community,Enterprise,2023-01-17,0.0,South
52,Customer_52,customer_52@kalvium.community,SMB,2023-01-18,275.29,West
53,Customer_53,customer_53@kalvium.community,Enterprise,2023-01-18,257.86,South
54,Customer_54,customer_54@kalvium.community,SMB,2023-01-18,735.3,East
55,Customer_55,customer_55@kalvium.community,Startup,2023-01-19,273.42,South
56,Customer_56,customer_56@kalvium.community,Enterprise,2023-01-19,456.94,South
57,Customer_57,customer_57@kalvium.community,Enterprise,2023-01-19,331.49,East
58,Customer_58,customer_58@kalvium.community,Enterprise,2023-01-20,989.14,Central
59,Customer_59,customer_59@kalvium.community,Enterprise,2023-01-20,670.2,Central
60,Customer_60,customer_60@kalvium.community,Startup,2023-01-20,282.7,South
61,Customer_61,customer_61@kalvium.community,Startup,2023-01-21,246.89,East
62,Customer_62,customer_62@kalvium.community,Startup,2023-01-21,460.92,East
63,Customer_63,customer_63@kalvium.community,SMB,2023-01-21,535.73,West
64,Customer_64,customer_64@kalvium.community,Startup,2023-01-22,399.46,Central
65,Customer_65,customer_65@kalvium.community,Startup,2023-01-22,1013.81,North
66,Customer_66,customer_66@kalvium.community,Startup,2023-01-22,1786.38,Central
67,Customer_67,customer_67@kalvium.community,Enterprise,2023-01-23,295.04,Central
68,Customer_68,customer_68@kalvium.community,SMB,2023-01-23,1065.98,West
69,Customer_69,customer_69@kalvium.community,Enterprise,2023-01-23,683.51,North
70,Customer_70,customer_70@kalvium.community,Enterprise,2023-01-24,445.28,West
71,Customer_71,customer_71@kalvium.community,SMB,2023-01-24,446.62,North
72,Customer_72,customer_72@kalvium.community,Enterprise,2023-01-24,1599.24,South
73,Customer_73,customer_73@kalvium.community,Enterprise,2023-01-25,1550.42,North
74,Customer_74,customer_74@kalvium.community,SMB,2023-01-25,228.46,West
75,Customer_75,customer_75@kalvium.community,SMB,2023-01-25,866.92,Central
76,Customer_76,customer_76@kalvium.community,SMB,2023-01-26,1897.13,North
77,Customer_77,customer_77@kalvium.community,SMB,2023-01-26,417.64,North
78,Customer_78,customer_78@kalvium.community,Enterprise,2023-01-26,321.77,East
79,Customer_79,customer_79@kalvium.community,Startup,2023-01-27,1114.86,Central
80,Customer_80,customer_80@kalvium.community,Enterprise,2023-01-27,0.0,South
81,Customer_81,customer_81@kalvium.community,SMB,2023-01-27,67.66,West
82,Customer_82,customer_82@kalvium.community,Startup,2023-01-28,1075.55,South
83,Customer_83,customer_83@kalvium.community,Startup,2023-01-28,1118.21,Central
84,Customer_84,customer_84@kalvium.community,Enterprise,2023-01-28,825.86,North
85,Customer_85,customer_85@kalvium.community,Startup,2023-01-29,904.17,North
86,Customer_86,customer_86@kalvium.community,Startup,2023-01-29,559.44,Central
87,Customer_87,customer_87@kalvium.community,SMB,2023-01-29,1440.28,North
88,Customer_88,customer_88@kalvium.community,Startup,2023-01-30,858.07,North
89,Customer_89,customer_89@kalvium.community,SMB,2023-01-30,362.44,North
90,Customer_90,customer_90@kalvium.community,Startup,2023-01-30,973.42,West
91,Customer_91,customer_91@kalvium.community,Enterprise,2023-01-31,363.07,West
92,Customer_92,customer_92@kalvium.community,SMB,2023-01-31,165.2,East
93,Customer_93,customer_93@kalvium.community,SMB,2023-01-31,1101.81,South
94,Customer_94,customer_94@kalvium.community,Startup,2023-02-01,134.56,Central
95,Customer_95,customer_95@kalvium.community,SMB,2023-02-01,370.2,Central
96,Customer_96,customer_96@kalvium.community,Startup,2023-02-01,1507.19,Central
97,Customer_97,customer_97@kalvium.community,Startup,2023-02-02,843.8,East
98,Customer_98,customer_98@kalvium.community,Startup,2023-02-02,896.15,West
99,Customer_99,customer_99@kalvium.community,Enterprise,2023-02-02,163.29,East
100,Customer_100,customer_100@kalvium.community,Enterprise,2023-02-03,740.9,Central
101,Customer_101,customer_101@kalvium.community,Enterprise,2023-02-03,1585.69,South
102,Customer_102,customer_102@kalvium.community,Startup,2023-02-03,956.02,North
103,Customer_103,customer_103@kalvium.community,Startup,2023-02-04,200.5,West
104,Customer_104,customer_104@kalvium.community,Startup,2023-02-04,1461.73,West
105,Customer_105,customer_105@kalvium.community,Enterprise,2023-02-04,534.74,East
106,Customer_106,customer_106@kalvium.community,Enterprise,2023-02-05,596.43,West
107,Customer_107,customer_107@kalvium.community,Startup,2023-02-05,328.81,Central
108,Customer_108,customer_108@kalvium.community,SMB,2023-02-05,124.15,Central
109,Customer_109,customer_109@kalvium.community,Enterprise,2023-02-06,2177.94,East
110,Customer_110,customer_110@kalvium.community,Enterprise,2023-02-06,460.47,Central
111,Customer_111,customer_111@kalvium.community,Startup,2023-02-06,1473.14,South
112,Customer_112,customer_112@kalvium.community,Enterprise,2023-02-07,1720.73,East
113,Customer_113,customer_113@kalvium.community,Enterprise,2023-02-07,1175.86,South
114,Customer_114,customer_114@kalvium.community,SMB,2023-02-07,1308.68,North
115,Customer_115,customer_115@kalvium.community,Startup,2023-02-08,553.37,South
116,Customer_116,customer_116@kalvium.community,SMB,2023-02-08,1006.35,North
117,Customer_117,customer_117@kalvium.community,SMB,2023-02-08,927.59,North
118,Customer_118,customer_118@kalvium.community,Enterprise,2023-02-09,1941.63,South
119,Customer_119,customer_119@kalvium.community,SMB,2023-02-09,159.56,East
120,Customer_120,customer_120@kalvium.community,Startup,2023-02-09,379.15,Central
121,Customer_121,customer_121@kalvium.community,SMB,2023-02-10,250.52,Central
122,Customer_122,customer_122@kalvium.community,SMB,2023-02-10,1149.09,North
123,Customer_123,customer_123@kalvium.community,Startup,2023-02-10,497.39,North
124,Customer_124,customer_124@kalvium.community,Enterprise,2023-02-11,745.28,East
125,Customer_125,customer_125@kalvium.community,Enterprise,2023-02-11,1577.82,West
126,Customer_126,customer_126@kalvium.community,Startup,2023-02-11,468.31,South
127,Customer_127,customer_127@kalvium.community,SMB,2023-02-12,622.92,North
128,Customer_128,customer_128@kalvium.community,SMB,2023-02-12,1365.74,Central
129,Customer_129,customer_129@kalvium.community,Enterprise,2023-02-12,964.9,East
130,Customer_130,customer_130@kalvium.community,Startup,2023-02-13,281.11,South
131,Customer_131,customer_131@kalvium.community,Startup,2023-02-13,647.44,East
132,Customer_132,customer_132@kalvium.community,Enterprise,2023-02-13,378.53,South
133,Customer_133,customer_133@kalvium.community,Enterprise,2023-02-14,0.0,South
134,Customer_134,customer_134@kalvium.community,Startup,2023-02-14,2080.2,North
135,Customer_135,customer_135@kalvium.community,Enterprise,2023-02-14,445.13,East
136,Customer_136,customer_136@kalvium.community,Startup,2023-02-15,765.7,East
137,Customer_137,customer_137@kalvium.community,Startup,2023-02-15,734.49,Central
138,Customer_138,customer_138@kalvium.community,SMB,2023-02-15,585.85,Central
139,Customer_139,customer_139@kalvium.community,Startup,2023-02-16,1543.67,North
140,Customer_140,customer_140@kalvium.community,Enterprise,2023-02-16,928.32,North
141,Customer_141,customer_141@kalvium.community,Enterprise,2023-02-16,1297.73,West
142,Customer_142,customer_142@kalvium.community,Startup,2023-02-17,477.43,Central
143,Customer_143,customer_143@kalvium.community,Startup,2023-02-17,540.76,South
144,Customer_144,customer_144@kalvium.community,Startup,2023-02-17,1079.17,East
145,Customer_145,customer_145@kalvium.community,Startup,2023-02-18,834.84,North
146,Customer_146,customer_146@kalvium.community,Enterprise,2023-02-18,705.75,East
147,Customer_147,customer_147@kalvium.community,Startup,2023-02-18,1140.33,East
148,Customer_148,customer_148@kalvium.community,Startup,2023-02-19,344.63,West
149,Customer_149,customer_149@kalvium.community,Enterprise,2023-02-19,1363.8,Central
150,Customer_150,customer_150@kalvium.community,Startup,2023-02-19,356.67,North
151,Customer_151,customer_151@kalvium.community,Enterprise,2023-02-20,132.75,East
152,Customer_152,customer_152@kalvium.community,Enterprise,2023-02-20,90.86,North
153,Customer_153,customer_153@kalvium.community,Enterprise,2023-02-20,450.21,South
154,Customer_154,customer_154@kalvium.community,Startup,2023-02-21,1856.9,West
155,Customer_155,customer_155@kalvium.community,Enterprise,2023-02-21,703.99,South
156,Customer_156,customer_156@kalvium.community,Enterprise,2023-02-21,1428.09,North
157,Customer_157,customer_157@kalvium.community,Startup,2023-02-22,146.78,North
158,Customer_158,customer_158@kalvium.community,SMB,2023-02-22,0.0,Central
159,Customer_159,customer_159@kalvium.community,Enterprise,2023-02-22,454.46,East
160,Customer_160,customer_160@kalvium.community,SMB,2023-02-23,401.68,East
161,Customer_161,customer_161@kalvium.community,Startup,2023-02-23,1633.76,South
162,Customer_162,customer_162@kalvium.community,Startup,2023-02-23,1048.72,West
163,Customer_163,customer_163@kalvium.community,Startup,2023-02-24,649.45,East
164,Customer_164,customer_164@kalvium.community,Startup,2023-02-24,2009.01,Central
165,Customer_165,customer_165@kalvium.community,Enterprise,2023-02-24,230.32,South
166,Customer_166,customer_166@kalvium.community,SMB,2023-02-25,1396.76,South
167,Customer_167,customer_167@kalvium.community,Startup,2023-02-25,354.83,Central
168,Customer_168,customer_168@kalvium.community,Enterprise,2023-02-25,433.13,West
169,Customer_169,customer_169@kalvium.community,Enterprise,2023-02-26,420.43,Central
170,Customer_170,customer_170@kalvium.community,Startup,2023-02-26,759.41,West
171,Customer_171,customer_171@kalvium.community,Startup,2023-02-26,924.89,Central
172,Customer_172,customer_172@kalvium.community,Enterprise,2023-02-27,421.83,Central
173,Customer_173,customer_173@kalvium.community,Startup,2023-02-27,896.34,North
174,Customer_174,customer_174@kalvium.community,Enterprise,2023-02-27,0.0,South
175,Customer_175,customer_175@kalvium.community,Startup,2023-02-28,2153.33,Central
176,Customer_176,customer_176@kalvium.community,Enterprise,2023-02-28,556.87,Central
177,Customer_177,customer_177@kalvium.community,Startup,2023-02-28,1376.66,East
178,Customer_178,customer_178@kalvium.community,Startup,2023-03-01,727.91,South
179,Customer_179,customer_179@kalvium.community,Enterprise,2023-03-01,901.24,East
180,Customer_180,customer_180@kalvium.community,Enterprise,2023-03-01,883.59,South
181,Customer_181,customer_181@kalvium.community,Startup,2023-03-02,914.75,East
182,Customer_182,customer_182@kalvium.community,Enterprise,2023-03-02,893.85,Central
183,Customer_183,customer_183@kalvium.community,Enterprise,2023-03-02,920.42,Central
184,Customer_184,customer_184@kalvium.community,SMB,2023-03-03,1156.43,North
185,Customer_185,customer_185@kalvium.community,Startup,2023-03-03,723.89,East
186,Customer_186,customer_186@kalvium.community,Startup,2023-03-03,49.77,West
187,Customer_187,customer_187@kalvium.community,SMB,2023-03-04,1009.98,North
188,Customer_188,customer_188@kalvium.community,Startup,2023-03-04,1465.1,East
189,Customer_189,customer_189@kalvium.community,Startup,2023-03-04,1177.11,East
190,Customer_190,customer_190@kalvium.community,Enterprise,2023-03-05,820.85,North
191,Customer_191,customer_191@kalvium.community,Enterprise,2023-03-05,1121.64,Central
192,Customer_192,customer_192@kalvium.community,SMB,2023-03-05,930.1,East
193,Customer_193,customer_193@kalvium.community,Enterprise,2023-03-06,999.41,Central
194,Customer_194,customer_194@kalvium.community,Startup,2023-03-06,214.41,North
195,Customer_195,customer_195@kalvium.community,Startup,2023-03-06,1931.44,Central
196,Customer_196,customer_196@kalvium.community,Startup,2023-03-07,186.13,South
197,Customer_197,customer_197@kalvium.community,SMB,2023-03-07,933.25,West
198,Customer_198,customer_198@kalvium.community,SMB,2023-03-07,267.72,East
199,Customer_199,customer_199@kalvium.community,SMB,2023-03-08,903.3,West
200,Customer_200,customer_200@kalvium.community,SMB,2023-03-08,1188.51,Central
201,Customer_201,customer_201@kalvium.community,Startup,2023-03-08,971.9,East
202,Customer_202,customer_202@kalvium.community,Enterprise,2023-03-09,1929.8,Central
203,Customer_203,customer_203@kalvium.community,Enterprise,2023-03-09,507.43,South
204,Customer_204,customer_204@kalvium.community,SMB,2023-03-09,963.91,North
205,Customer_205,customer_205@kalvium.community,Startup,2023-03-10,428.46,East
206,Customer_206,customer_206@kalvium.community,Enterprise,2023-03-10,1040.03,South
207,Customer_207,customer_207@kalvium.community,Enterprise,2023-03-10,1064.97,South
208,Customer_208,customer_208@kalvium.community,Startup,2023-03-11,413.45,East
209,Customer_209,customer_209@kalvium.community,Enterprise,2023-03-11,1327.53,Central
210,Customer_210,customer_210@kalvium.community,Enterprise,2023-03-11,1326.92,South
211,Customer_211,customer_211@kalvium.community,Startup,2023-03-12,1617.78,West
212,Customer_212,customer_212@kalvium.community,Startup,2023-03-12,468.64,South
213,Customer_213,customer_213@kalvium.community,Startup,2023-03-12,729.79,Central
214,Customer_214,customer_214@kalvium.community,Enterprise,2023-03-13,1052.62,Central
215,Customer_215,customer_215@kalvium.community,SMB,2023-03-13,692.22,West
216,Customer_216,customer_216@kalvium.community,Enterprise,2023-03-13,276.63,South
217,Customer_217,customer_217@kalvium.community,Startup,2023-03-14,726.49,Central
218,Customer_218,customer_218@kalvium.community,SMB,2023-03-14,698.42,East
219,Customer_219,customer_219@kalvium.community,Startup,2023-03-14,730.67,North
220,Customer_220,customer_220@kalvium.community,SMB,2023-03-15,1731.12,North
221,Customer_221,customer_221@kalvium.community,Startup,2023-03-15,538.52,North
222,Customer_222,customer_222@kalvium.community,Startup,2023-03-15,859.32,South
223,Customer_223,customer_223@kalvium.community,Enterprise,2023-03-16,1598.47,West
224,Customer_224,customer_224@kalvium.community,Startup,2023-03-16,1418.59,Central
225,Customer_225,customer_225@kalvium.community,Startup,2023-03-16,1094.46,East
226,Customer_226,customer_226@kalvium.community,Enterprise,2023-03-17,1257.87,East
227,Customer_227,customer_227@kalvium.community,Enterprise,2023-03-17,1163.93,South
228,Customer_228,customer_228@kalvium.community,Startup,2023-03-17,328.65,North
229,Customer_229,customer_229@kalvium.community,SMB,2023-03-18,496.37,South
230,Customer_230,customer_230@kalvium.community,Startup,2023-03-18,408.31,West
231,Customer_231,customer_231@kalvium.community,SMB,2023-03-18,33.6,West
232,Customer_232,customer_232@kalvium.community,Startup,2023-03-19,871.73,Central
233,Customer_233,customer_233@kalvium.community,Startup,2023-03-19,1410.28,Central
234,Customer_234,customer_234@kalvium.community,Startup,2023-03-19,359.48,West
235,Customer_235,customer_235@kalvium.community,Enterprise,2023-03-20,1318.01,West
236,Customer_236,customer_236@kalvium.community,SMB,2023-03-20,701.81,West
237,Customer_237,customer_237@kalvium.community,Startup,2023-03-20,760.82,South
238,Customer_238,customer_238@kalvium.community,Enterprise,2023-03-21,694.3,West
239,Customer_239,customer_239@kalvium.community,Startup,2023-03-21,530.25,East
240,Customer_240,customer_240@kalvium.community,Enterprise,2023-03-21,167.56,North
241,Customer_241,customer_241@kalvium.community,Enterprise,2023-03-22,624.72,West
242,Customer_242,customer_242@kalvium.community,Enterprise,2023-03-22,324.0,North
243,Customer_243,customer_243@kalvium.community,Enterprise,2023-03-22,387.1,South
244,Customer_244,customer_244@kalvium.community,Startup,2023-03-23,427.4,North
245,Customer_245,customer_245@kalvium.community,Enterprise,2023-03-23,1162.3,South
246,Customer_246,customer_246@kalvium.community,Enterprise,2023-03-23,567.77,East
247,Customer_247,customer_247@kalvium.community,Startup,2023-03-24,1808.63,South
248,Customer_248,customer_248@kalvium.community,Enterprise,2023-03-24,659.95,South
249,Customer_249,customer_249@kalvium.community,Enterprise,2023-03-24,343.93,Central
250,Customer_250,customer_250@kalvium.community,SMB,2023-03-25,569.09,West
251,Customer_251,customer_251@kalvium.community,Startup,2023-03-25,645.93,West
252,Customer_252,customer_252@kalvium.community,Startup,2023-03-25,490.16,East
253,Customer_253,customer_253@kalvium.community,SMB,2023-03-26,385.32,East
254,Customer_254,customer_254@kalvium.community,Startup,2023-03-26,346.64,West
255,Customer_255,customer_255@kalvium.community,Enterprise,2023-03-26,1625.07,Central
256,Customer_256,customer_256@kalvium.community,Startup,2023-03-27,788.09,West
257,Customer_257,customer_257@kalvium.community,Enterprise,2023-03-27,973.33,Central
258,Customer_258,customer_258@kalvium.community,Startup,2023-03-27,418.97,East
259,Customer_259,customer_259@kalvium.community,Startup,2023-03-28,460.26,North
260,Customer_260,customer_260@kalvium.community,Enterprise,2023-03-28,1292.69,East
261,Customer_261,customer_261@kalvium.community,Startup,2023-03-28,787.19,East
262,Customer_262,customer_262@kalvium.community,Enterprise,2023-03-29,624.72,South
263,Customer_263,customer_263@kalvium.community,Enterprise,2023-03-29,634.48,South
264,Customer_264,customer_264@kalvium.community,Startup,2023-03-29,343.33,South
265,Customer_265,customer_265@kalvium.community,SMB,2023-03-30,702.4,South
266,Customer_266,customer_266@kalvium.community,SMB,2023-03-30,348.64,Central
267,Customer_267,customer_267@kalvium.community,Startup,2023-03-30,459.78,West
268,Customer_268,customer_268@kalvium.community,SMB,2023-03-31,2138.3,North
269,Customer_269,customer_269@kalvium.community,Startup,2023-03-31,983.38,East
270,Customer_270,customer_270@kalvium.community,Startup,2023-03-31,409.34,Central
271,Customer_271,customer_271@kalvium.community,SMB,2023-04-01,336.04,North
272,Customer_272,customer_272@kalvium.community,SMB,2023-04-01,778.31,Central
273,Customer_273,customer_273@kalvium.community,SMB,2023-04-01,675.97,Central
274,Customer_274,customer_274@kalvium.community,Enterprise,2023-04-02,1144.21,East
275,Customer_275,customer_275@kalvium.community,Startup,2023-04-02,706.8,West
276,Customer_276,customer_276@kalvium.community,Startup,2023-04-02,913.15,South
277,Customer_277,customer_277@kalvium.community,SMB,2023-04-03,1741.18,West
278,Customer_278,customer_278@kalvium.community,Startup,2023-04-03,1193.96,East
279,Customer_279,customer_279@kalvium.community,SMB,2023-04-03,395.58,East
280,Customer_280,customer_280@kalvium.community,SMB,2023-04-04,436.15,East
281,Customer_281,customer_281@kalvium.community,SMB,2023-04-04,662.74,North
282,Customer_282,customer_282@kalvium.community,Startup,2023-04-04,413.5,West
283,Customer_283,customer_283@kalvium.community,Startup,2023-04-05,1510.21,West
284,Customer_284,customer_284@kalvium.community,Enterprise,2023-04-05,399.11,Central
285,Customer_285,customer_285@kalvium.community,Startup,2023-04-05,1329.65,Central
286,Customer_286,customer_286@kalvium.community,Enterprise,2023-04-06,108.69,Central
287,Customer_287,customer_287@kalvium.community,Startup,2023-04-06,889.54,East
288,Customer_288,customer_288@kalvium.community,Startup,2023-04-06,1468.32,West
289,Customer_289,customer_289@kalvium.community,Startup,2023-04-07,1195.76,East
290,Customer_290,customer_290@kalvium.community,Startup,2023-04-07,1096.48,North
291,Customer_291,customer_291@kalvium.community,Enterprise,2023-04-07,869.59,Central
292,Customer_292,customer_292@kalvium.community,Enterprise,2023-04-08,683.19,East
293,Customer_293,customer_293@kalvium.community,SMB,2023-04-08,924.31,East
294,Customer_294,customer_294@kalvium.community,Startup,2023-04-08,1162.79,North
295,Customer_295,customer_295@kalvium.community,Enterprise,2023-04-09,637.35,South
296,Customer_296,customer_296@kalvium.community,Startup,2023-04-09,1077.01,West
297,Customer_297,customer_297@kalvium.community,SMB,2023-04-09,478.38,South
298,Customer_298,customer_298@kalvium.community,Enterprise,2023-04-10,191.84,Central
299,Customer_299,customer_299@kalvium.community,Startup,2023-04-10,767.38,East
300,Customer_300,customer_300@kalvium.community,Enterprise,2023-04-10,273.37,North
301,Customer_301,customer_301@kalvium.community,Enterprise,2023-04-11,410.73,North
302,Customer_302,customer_302@kalvium.community,Startup,2023-04-11,1618.63,West
303,Customer_303,customer_303@kalvium.community,Startup,2023-04-11,2011.55,South
304,Customer_304,customer_304@kalvium.community,Startup,2023-04-12,388.18,West
305,Customer_305,customer_305@kalvium.community,SMB,2023-04-12,670.55,East
306,Customer_306,customer_306@kalvium.community,Enterprise,2023-04-12,414.53,West
307,Customer_307,customer_307@kalvium.community,Startup,2023-04-13,180.46,North
308,Customer_308,customer_308@kalvium.community,Startup,2023-04-13,1015.28,North
309,Customer_309,customer_309@kalvium.community,SMB,2023-04-13,511.89,Central
310,Customer_310,customer_310@kalvium.community,Startup,2023-04-14,312.71,Central
311,Customer_311,customer_311@kalvium.community,Startup,2023-04-14,595.65,East
312,Customer_312,customer_312@kalvium.community,Enterprise,2023-04-14,0.0,South
313,Customer_313,customer_313@kalvium.community,Enterprise,2023-04-15,1424.49,West
314,Customer_314,customer_314@kalvium.community,Enterprise,2023-04-15,1601.97,East
315,Customer_315,customer_315@kalvium.community,SMB,2023-04-15,853.17,Central
316,Customer_316,customer_316@kalvium.community,Startup,2023-04-16,269.36,West
317,Customer_317,customer_317@kalvium.community,Startup,2023-04-16,675.12,Central
318,Customer_318,customer_318@kalvium.community,Enterprise,2023-04-16,682.4,West
319,Customer_319,customer_319@kalvium.community,Enterprise,2023-04-17,218.21,South
320,Customer_320,customer_320@kalvium.community,Startup,2023-04-17,544.79,East
321,Customer_321,customer_321@kalvium.community,Startup,2023-04-17,840.31,West
322,Customer_322,customer_322@kalvium.community,SMB,2023-04-18,146.26,North
323,Customer_323,customer_323@kalvium.community,Startup,2023-04-18,311.16,North
324,Customer_324,customer_324@kalvium.community,Startup,2023-04-18,623.62,West
325,Customer_325,customer_325@kalvium.community,Enterprise,2023-04-19,164.75,West
326,Customer_326,customer_326@kalvium.community,SMB,2023-04-19,178.26,West
327,Customer_327,customer_327@kalvium.community,Startup,2023-04-19,1147.48,North
328,Customer_328,customer_328@kalvium.community,Startup,2023-04-20,157.21,North
329,Customer_329,customer_329@kalvium.community,Startup,2023-04-20,273.52,West
330,Customer_330,customer_330@kalvium.community,Enterprise,2023-04-20,296.73,Central
331,Customer_331,customer_331@kalvium.community,Startup,2023-04-21,765.89,Central
332,Customer_332,customer_332@kalvium.community,SMB,2023-04-21,768.43,South
333,Customer_333,customer_333@kalvium.community,Enterprise,2023-04-21,538.09,East
334,Customer_334,customer_334@kalvium.community,Enterprise,2023-04-22,737.26,Central
335,Customer_335,customer_335@kalvium.community,Enterprise,2023-04-22,792.21,North
336,Customer_336,customer_336@kalvium.community,Enterprise,2023-04-22,685.47,Central
337,Customer_337,customer_337@kalvium.community,SMB,2023-04-23,1143.23,South
338,Customer_338,customer_338@kalvium.community,SMB,2023-04-23,639.91,South
339,Customer_339,customer_339@kalvium.community,Startup,2023-04-23,1503.9,East
340,Customer_340,customer_340@kalvium.community,Enterprise,2023-04-24,471.65,Central
341,Customer_341,customer_341@kalvium.community,Startup,2023-04-24,612.61,North
342,Customer_342,customer_342@kalvium.community,Startup,2023-04-24,515.22,North
343,Customer_343,customer_343@kalvium.community,Enterprise,2023-04-25,1548.34,West
344,Customer_344,customer_344@kalvium.community,Startup,2023-04-25,974.04,North
345,Customer_345,customer_345@kalvium.community,Startup,2023-04-25,1191.28,East
346,Customer_346,customer_346@kalvium.community,Startup,2023-04-26,0.0,East
347,Customer_347,customer_347@kalvium.community,Startup,2023-04-26,48.53,North
348,Customer_348,customer_348@kalvium.community,Enterprise,2023-04-26,579.88,North
349,Customer_349,customer_349@kalvium.community,Startup,2023-04-27,1272.37,West
350,Customer_350,customer_350@kalvium.community,Startup,2023-04-27,606.34,North
351,Customer_351,customer_351@kalvium.community,Startup,2023-04-27,723.33,West
352,Customer_352,customer_352@kalvium.community,SMB,2023-04-28,253.39,West
353,Customer_353,customer_353@kalvium.community,Startup,2023-04-28,180.89,North
354,Customer_354,customer_354@kalvium.community,Enterprise,2023-04-28,919.29,South
355,Customer_355,customer_355@kalvium.community,Enterprise,2023-04-29,2196.81,South
356,Customer_356,customer_356@kalvium.community,Startup,2023-04-29,911.56,West
357,Customer_357,customer_357@kalvium.community,Enterprise,2023-04-29,293.85,North
358,Customer_358,customer_358@kalvium.community,Startup,2023-04-30,856.1,South
359,Customer_359,customer_359@kalvium.community,Enterprise,2023-04-30,233.25,North
360,Customer_360,customer_360@kalvium.community,Startup,2023-04-30,951.88,North
361,Customer_361,customer_361@kalvium.community,Startup,2023-05-01,883.41,North
362,Customer_362,customer_362@kalvium.community,Startup,2023-05-01,532.24,Central
363,Customer_363,customer_363@kalvium.community,Startup,2023-05-01,205.14,North
364,Customer_364,customer_364@kalvium.community,Startup,2023-05-02,1384.69,Central
365,Customer_365,customer_365@kalvium.community,Enterprise,2023-05-02,167.94,West
366,Customer_366,customer_366@kalvium.community,Startup,2023-05-02,870.04,South
367,Customer_367,customer_367@kalvium.community,Enterprise,2023-05-03,1150.99,South
368,Customer_368,customer_368@kalvium.community,Enterprise,2023-05-03,854.7,South
369,Customer_369,customer_369@kalvium.community,Enterprise,2023-05-03,1422.52,South
370,Customer_370,customer_370@kalvium.community,Enterprise,2023-05-04,675.49,South
371,Customer_371,customer_371@kalvium.community,Enterprise,2023-05-04,1827.56,South
372,Customer_372,customer_372@kalvium.community,Enterprise,2023-05-04,497.19,South
373,Customer_373,customer_373@kalvium.community,Enterprise,2023-05-05,180.04,West
374,Customer_374,customer_374@kalvium.community,Startup,2023-05-05,280.75,North
375,Customer_375,customer_375@kalvium.community,Enterprise,2023-05-05,1050.79,East
376,Customer_376,customer_376@kalvium.community,Startup,2023-05-06,1321.19,Central
377,Customer_377,customer_377@kalvium.community,SMB,2023-05-06,351.26,East
378,Customer_378,customer_378@kalvium.community,Enterprise,2023-05-06,1011.21,East
379,Customer_379,customer_379@kalvium.community,SMB,2023-05-07,739.86,North
380,Customer_380,customer_380@kalvium.community,Startup,2023-05-07,1585.18,North
381,Customer_381,customer_381@kalvium.community,Enterprise,2023-05-07,824.31,North
382,Customer_382,customer_382@kalvium.community,Startup,2023-05-08,1101.04,South
383,Customer_383,customer_383@kalvium.community,Startup,2023-05-08,1471.81,West
384,Customer_384,customer_384@kalvium.community,SMB,2023-05-08,957.86,South
385,Customer_385,customer_385@kalvium.community,SMB,2023-05-09,394.4,West
386,Customer_386,customer_386@kalvium.community,SMB,2023-05-09,308.28,West
387,Customer_387,customer_387@kalvium.community,Startup,2023-05-09,1543.08,East
388,Customer_388,customer_388@kalvium.community,Enterprise,2023-05-10,1572.0,East
389,Customer_389,customer_389@kalvium.community,SMB,2023-05-10,23.69,West
390,Customer_390,customer_390@kalvium.community,SMB,2023-05-10,1548.75,West
391,Customer_391,customer_391@kalvium.community,Enterprise,2023-05-11,883.81,South
392,Customer_392,customer_392@kalvium.community,Startup,2023-05-11,263.43,South
393,Customer_393,customer_393@kalvium.community,Startup,2023-05-11,241.52,East
394,Customer_394,customer_394@kalvium.community,SMB,2023-05-12,127.79,North
395,Customer_395,customer_395@kalvium.community,Startup,2023-05-12,1447.56,West
396,Customer_396,customer_396@kalvium.community,Enterprise,2023-05-12,212.26,South
397,Customer_397,customer_397@kalvium.community,SMB,2023-05-13,733.53,East
398,Customer_398,customer_398@kalvium.community,Startup,2023-05-13,602.43,South
399,Customer_399,customer_399@kalvium.community,SMB,2023-05-13,1058.79,West
400,Customer_400,customer_400@kalvium.community,SMB,2023-05-14,1305.71,West
401,Customer_401,customer_401@kalvium.community,Enterprise,2023-05-14,2088.25,Central
402,Customer_402,customer_402@kalvium.community,Enterprise,2023-05-14,37.89,North
403,Customer_403,customer_403@kalvium.community,Startup,2023-05-15,882.31,Central
404,Customer_404,customer_404@kalvium.community,SMB,2023-05-15,447.96,East
405,Customer_405,customer_405@kalvium.community,Startup,2023-05-15,795.53,South
406,Customer_406,customer_406@kalvium.community,SMB,2023-05-16,274.83,East
407,Customer_407,customer_407@kalvium.community,Startup,2023-05-16,638.1,West
408,Customer_408,customer_408@kalvium.community,Enterprise,2023-05-16,497.25,Central
409,Customer_409,customer_409@kalvium.community,Enterprise,2023-05-17,750.79,Central
410,Customer_410,customer_410@kalvium.community,Enterprise,2023-05-17,39.35,Central
411,Customer_411,customer_411@kalvium.community,Startup,2023-05-17,301.88,East
412,Customer_412,customer_412@kalvium.community,Enterprise,2023-05-18,1260.59,West
413,Customer_413,customer_413@kalvium.community,Enterprise,2023-05-18,948.74,South
414,Customer_414,customer_414@kalvium.community,Startup,2023-05-18,887.02,South
415,Customer_415,customer_415@kalvium.community,Startup,2023-05-19,595.23,East
416,Customer_416,customer_416@kalvium.community,Startup,2023-05-19,1464.16,Central
417,Customer_417,customer_417@kalvium.community,Startup,2023-05-19,191.82,North
418,Customer_418,customer_418@kalvium.community,Startup,2023-05-20,168.09,East
419,Customer_419,customer_419@kalvium.community,Startup,2023-05-20,1147.94,East
420,Customer_420,customer_420@kalvium.community,SMB,2023-05-20,379.36,West
421,Customer_421,customer_421@kalvium.community,SMB,2023-05-21,1028.09,South
422,Customer_422,customer_422@kalvium.community,SMB,2023-05-21,943.4,East
423,Customer_423,customer_423@kalvium.community,Enterprise,2023-05-21,676.3,East
424,Customer_424,customer_424@kalvium.community,Startup,2023-05-22,1179.64,Central
425,Customer_425,customer_425@kalvium.community,Enterprise,2023-05-22,616.06,Central
426,Customer_426,customer_426@kalvium.community,Startup,2023-05-22,506.62,North
427,Customer_427,customer_427@kalvium.community,Startup,2023-05-23,1351.85,West
428,Customer_428,customer_428@kalvium.community,SMB,2023-05-23,841.62,North
429,Customer_429,customer_429@kalvium.community,Startup,2023-05-23,752.61,Central
430,Customer_430,customer_430@kalvium.community,Enterprise,2023-05-24,306.29,South
431,Customer_431,customer_431@kalvium.community,Enterprise,2023-05-24,935.46,Central
432,Customer_432,customer_432@kalvium.community,SMB,2023-05-24,809.2,West
433,Customer_433,customer_433@kalvium.community,Startup,2023-05-25,904.98,Central
434,Customer_434,customer_434@kalvium.community,Enterprise,2023-05-25,1340.26,West
435,Customer_435,customer_435@kalvium.community,Enterprise,2023-05-25,753.83,West
436,Customer_436,customer_436@kalvium.community,SMB,2023-05-26,1056.39,West
437,Customer_437,customer_437@kalvium.community,Enterprise,2023-05-26,1082.34,West
438,Customer_438,customer_438@kalvium.community,SMB,2023-05-26,1129.19,West
439,Customer_439,customer_439@kalvium.community,SMB,2023-05-27,1518.58,South
440,Customer_440,customer_440@kalvium.community,Enterprise,2023-05-27,971.46,North
441,Customer_441,customer_441@kalvium.community,Enterprise,2023-05-27,1216.37,East
442,Customer_442,customer_442@kalvium.community,Enterprise,2023-05-28,865.3,North
443,Customer_443,customer_443@kalvium.community,Startup,2023-05-28,633.55,West
444,Customer_444,customer_444@kalvium.community,Startup,2023-05-28,462.43,South
445,Customer_445,customer_445@kalvium.community,SMB,2023-05-29,1118.3,Central
446,Customer_446,customer_446@kalvium.community,Enterprise,2023-05-29,864.66,South
447,Customer_447,customer_447@kalvium.community,Enterprise,2023-05-29,317.06,West
448,Customer_448,customer_448@kalvium.community,SMB,2023-05-30,219.34,South
449,Customer_449,customer_449@kalvium.community,Startup,2023-05-30,1128.65,South
450,Customer_450,customer_450@kalvium.community,Enterprise,2023-05-30,1542.24,West
451,Customer_451,customer_451@kalvium.community,SMB,2023-05-31,1007.87,South
452,Customer_452,customer_452@kalvium.community,Startup,2023-05-31,1362.3,East
453,Customer_453,customer_453@kalvium.community,Startup,2023-05-31,1128.74,East
454,Customer_454,customer_454@kalvium.community,Enterprise,2023-06-01,1145.87,South
455,Customer_455,customer_455@kalvium.community,Enterprise,2023-06-01,804.6,Central
456,Customer_456,customer_456@kalvium.community,Startup,2023-06-01,1131.64,West
457,Customer_457,customer_457@kalvium.community,Enterprise,2023-06-02,1039.78,East
458,Customer_458,customer_458@kalvium.community,Startup,2023-06-02,259.26,Central
459,Customer_459,customer_459@kalvium.community,Enterprise,2023-06-02,1395.99,South
460,Customer_460,customer_460@kalvium.community,Enterprise,2023-06-03,743.37,Central
461,Customer_461,customer_461@kalvium.community,Enterprise,2023-06-03,397.72,North
462,Customer_462,customer_462@kalvium.community,Startup,2023-06-03,365.55,East
463,Customer_463,customer_463@kalvium.community,SMB,2023-06-04,742.91,South
464,Customer_464,customer_464@kalvium.community,Startup,2023-06-04,148.11,West
465,Customer_465,customer_465@kalvium.community,Enterprise,2023-06-04,850.97,South
466,Customer_466,customer_466@kalvium.community,Startup,2023-06-05,269.5,West
467,Customer_467,customer_467@kalvium.community,Startup,2023-06-05,789.05,South
468,Customer_468,customer_468@kalvium.community,SMB,2023-06-05,472.3,Central
469,Customer_469,customer_469@kalvium.community,Enterprise,2023-06-06,248.28,Central
470,Customer_470,customer_470@kalvium.community,Enterprise,2023-06-06,0.0,Central
471,Customer_471,customer_471@kalvium.community,Enterprise,2023-06-06,1522.53,North
472,Customer_472,customer_472@kalvium.community,Enterprise,2023-06-07,566.24,West
473,Customer_473,customer_473@kalvium.community,Enterprise,2023-06-07,439.78,Central
474,Customer_474,customer_474@kalvium.community,SMB,2023-06-07,829.22,North
475,Customer_475,customer_475@kalvium.community,Startup,2023-06-08,176.5,West
476,Customer_476,customer_476@kalvium.community,Enterprise,2023-06-08,1203.64,South
477,Customer_477,customer_477@kalvium.community,Enterprise,2023-06-08,1224.24,North
478,Customer_478,customer_478@kalvium.community,Startup,2023-06-09,578.09,East
479,Customer_479,customer_479@kalvium.community,Enterprise,2023-06-09,610.18,North
480,Customer_480,customer_480@kalvium.community,Startup,2023-06-09,2097.86,North
481,Customer_481,customer_481@kalvium.community,Startup,2023-06-10,1420.29,West
482,Customer_482,customer_482@kalvium.community,Startup,2023-06-10,187.64,South
483,Customer_483,customer_483@kalvium.community,Startup,2023-06-10,1011.68,East
484,Customer_484,customer_484@kalvium.community,Startup,2023-06-11,347.26,Central
485,Customer_485,customer_485@kalvium.community,Startup,2023-06-11,2259.09,Central
486,Customer_486,customer_486@kalvium.community,Enterprise,2023-06-11,997.13,North
487,Customer_487,customer_487@kalvium.community,Enterprise,2023-06-12,433.61,West
488,Customer_488,customer_488@kalvium.community,Startup,2023-06-12,1647.3,West
489,Customer_489,customer_489@kalvium.community,Enterprise,2023-06-12,658.23,Central
490,Customer_490,customer_490@kalvium.community,SMB,2023-06-13,1661.12,East
491,Customer_491,customer_491@kalvium.community,Startup,2023-06-13,1349.61,South
492,Customer_492,customer_492@kalvium.community,Startup,2023-06-13,670.49,East
493,Customer_493,customer_493@kalvium.community,Startup,2023-06-14,1157.99,South
494,Customer_494,customer_494@kalvium.community,Enterprise,2023-06-14,2379.73,Central
495,Customer_495,customer_495@kalvium.community,Startup,2023-06-14,708.79,South
496,Customer_496,customer_496@kalvium.community,Startup,2023-06-15,359.89,West
497,Customer_497,customer_497@kalvium.community,Startup,2023-06-15,725.65,North
498,Customer_498,customer_498@kalvium.community,Enterprise,2023-06-15,592.8,North
499,Customer_499,customer_499@kalvium.community,Enterprise,2023-06-16,1630.06,Central
500,Customer_500,customer_500@kalvium.community,Enterprise,2023-06-16,1074.79,West
501,Customer_501,customer_501@kalvium.community,Startup,2023-06-16,333.29,East
502,Customer_502,customer_502@kalvium.community,Startup,2023-06-17,902.58,West
503,Customer_503,customer_503@kalvium.community,Startup,2023-06-17,895.46,North
504,Customer_504,customer_504@kalvium.community,SMB,2023-06-17,2066.8,North
505,Customer_505,customer_505@kalvium.community,Startup,2023-06-18,1753.71,West
506,Customer_506,customer_506@kalvium.community,Enterprise,2023-06-18,522.39,West
507,Customer_507,customer_507@kalvium.community,Enterprise,2023-06-18,683.06,North
508,Customer_508,customer_508@kalvium.community,SMB,2023-06-19,253.95,East
509,Customer_509,customer_509@kalvium.community,Enterprise,2023-06-19,650.77,Central
510,Customer_510,customer_510@kalvium.community,SMB,2023-06-19,0.0,Central
511,Customer_511,customer_511@kalvium.community,Startup,2023-06-20,580.89,West
512,Customer_512,customer_512@kalvium.community,Startup,2023-06-20,647.68,Central
513,Customer_513,customer_513@kalvium.community,Enterprise,2023-06-20,119.99,North
514,Customer_514,customer_514@kalvium.community,SMB,2023-06-21,1161.54,North
515,Customer_515,customer_515@kalvium.community,Enterprise,2023-06-21,772.14,West
516,Customer_516,customer_516@kalvium.community,Enterprise,2023-06-21,472.13,West
517,Customer_517,customer_517@kalvium.community,Startup,2023-06-22,987.82,West
518,Customer_518,customer_518@kalvium.community,SMB,2023-06-22,367.46,East
519,Customer_519,customer_519@kalvium.community,Enterprise,2023-06-22,1137.29,Central
520,Customer_520,customer_520@kalvium.community,Enterprise,2023-06-23,1520.32,West
521,Customer_521,customer_521@kalvium.community,Startup,2023-06-23,258.85,South
522,Customer_522,customer_522@kalvium.community,Startup,2023-06-23,359.48,South
523,Customer_523,customer_523@kalvium.community,Enterprise,2023-06-24,716.26,North
524,Customer_524,customer_524@kalvium.community,SMB,2023-06-24,446.02,Central
525,Customer_525,customer_525@kalvium.community,SMB,2023-06-24,484.8,West
526,Customer_526,customer_526@kalvium.community,Startup,2023-06-25,409.76,South
527,Customer_527,customer_527@kalvium.community,Startup,2023-06-25,346.47,Central
528,Customer_528,customer_528@kalvium.community,Startup,2023-06-25,1499.44,North
529,Customer_529,customer_529@kalvium.community,Enterprise,2023-06-26,790.21,East
530,Customer_530,customer_530@kalvium.community,SMB,2023-06-26,1039.95,Central
531,Customer_531,customer_531@kalvium.community,SMB,2023-06-26,500.05,Central
532,Customer_532,customer_532@kalvium.community,Enterprise,2023-06-27,463.24,East
533,Customer_533,customer_533@kalvium.community,Enterprise,2023-06-27,1427.35,Central
534,Customer_534,customer_534@kalvium.community,Startup,2023-06-27,332.13,North
535,Customer_535,customer_535@kalvium.community,SMB,2023-06-28,99.77,North
536,Customer_536,customer_536@kalvium.community,Enterprise,2023-06-28,1167.97,East
537,Customer_537,customer_537@kalvium.community,SMB,2023-06-28,1211.36,West
538,Customer_538,customer_538@kalvium.community,Enterprise,2023-06-29,173.11,South
539,Customer_539,customer_539@kalvium.community,Startup,2023-06-29,0.0,West
540,Customer_540,customer_540@kalvium.community,Enterprise,2023-06-29,949.0,Central
541,Customer_541,customer_541@kalvium.community,Enterprise,2023-06-30,896.32,South
542,Customer_542,customer_542@kalvium.community,Startup,2023-06-30,905.54,East
543,Customer_543,customer_543@kalvium.community,Enterprise,2023-06-30,83.72,East
544,Customer_544,customer_544@kalvium.community,Startup,2023-07-01,861.88,South
545,Customer_545,customer_545@kalvium.community,Startup,2023-07-01,0.0,North
546,Customer_546,customer_546@kalvium.community,Startup,2023-07-01,211.1,South
547,Customer_547,customer_547@kalvium.community,Enterprise,2023-07-02,1058.74,Central
548,Customer_548,customer_548@kalvium.community,Startup,2023-07-02,566.29,North
549,Customer_549,customer_549@kalvium.community,Startup,2023-07-02,1631.22,East
550,Customer_550,customer_550@kalvium.community,SMB,2023-07-03,920.83,South
551,Customer_551,customer_551@kalvium.community,Startup,2023-07-03,668.22,West
552,Customer_552,customer_552@kalvium.community,SMB,2023-07-03,335.72,West
553,Customer_553,customer_553@kalvium.community,Startup,2023-07-04,496.1,Central
554,Customer_554,customer_554@kalvium.community,Startup,2023-07-04,721.25,West
555,Customer_555,customer_555@kalvium.community,SMB,2023-07-04,1226.31,South
556,Customer_556,customer_556@kalvium.community,Startup,2023-07-05,721.2,South
557,Customer_557,customer_557@kalvium.community,Enterprise,2023-07-05,1032.95,West
558,Customer_558,customer_558@kalvium.community,Enterprise,2023-07-05,1326.84,South
559,Customer_559,customer_559@kalvium.community,SMB,2023-07-06,1157.51,Central
560,Customer_560,customer_560@kalvium.community,Startup,2023-07-06,1519.73,North
561,Customer_561,customer_561@kalvium.community,SMB,2023-07-06,1407.98,Central
562,Customer_562,customer_562@kalvium.community,Enterprise,2023-07-07,636.78,Central
563,Customer_563,customer_563@kalvium.community,Enterprise,2023-07-07,1117.53,South
564,Customer_564,customer_564@kalvium.community,Enterprise,2023-07-07,1305.12,North
565,Customer_565,customer_565@kalvium.community,Startup,2023-07-08,303.16,South
566,Customer_566,customer_566@kalvium.community,Startup,2023-07-08,1027.34,East
567,Customer_567,customer_567@kalvium.community,Startup,2023-07-08,644.95,South
568,Customer_568,customer_568@kalvium.community,Startup,2023-07-09,429.34,South
569,Customer_569,customer_569@kalvium.community,Enterprise,2023-07-09,249.36,South
570,Customer_570,customer_570@kalvium.community,Startup,2023-07-09,392.15,North
571,Customer_571,customer_571@kalvium.community,Startup,2023-07-10,2153.85,South
572,Customer_572,customer_572@kalvium.community,SMB,2023-07-10,1018.26,North
573,Customer_573,customer_573@kalvium.community,Startup,2023-07-10,1538.48,West
574,Customer_574,customer_574@kalvium.community,Startup,2023-07-11,256.17,East
575,Customer_575,customer_575@kalvium.community,SMB,2023-07-11,334.9,North
576,Customer_576,customer_576@kalvium.community,Enterprise,2023-07-11,326.31,West
577,Customer_577,customer_577@kalvium.community,Enterprise,2023-07-12,486.06,North
578,Customer_578,customer_578@kalvium.community,Enterprise,2023-07-12,164.77,North
579,Customer_579,customer_579@kalvium.community,Startup,2023-07-12,1193.88,East
580,Customer_580,customer_580@kalvium.community,Startup,2023-07-13,857.19,Central
581,Customer_581,customer_581@kalvium.community,Startup,2023-07-13,268.21,Central
582,Customer_582,customer_582@kalvium.community,Enterprise,2023-07-13,2194.57,North
583,Customer_583,customer_583@kalvium.community,Startup,2023-07-14,288.89,South
584,Customer_584,customer_584@kalvium.community,Startup,2023-07-14,890.37,West
585,Customer_585,customer_585@kalvium.community,Startup,2023-07-14,59.44,South
586,Customer_586,customer_586@kalvium.community,Enterprise,2023-07-15,247.03,South
587,Customer_587,customer_587@kalvium.community,Enterprise,2023-07-15,1240.79,North
588,Customer_588,customer_588@kalvium.community,Enterprise,2023-07-15,1233.64,North
589,Customer_589,customer_589@kalvium.community,Enterprise,2023-07-16,751.06,North
590,Customer_590,customer_590@kalvium.community,Enterprise,2023-07-16,506.26,North
591,Customer_591,customer_591@kalvium.community,Enterprise,2023-07-16,402.01,Central
592,Customer_592,customer_592@kalvium.community,Startup,2023-07-17,253.58,North
593,Customer_593,customer_593@kalvium.community,Enterprise,2023-07-17,437.72,Central
594,Customer_594,customer_594@kalvium.community,Startup,2023-07-17,180.55,Central
595,Customer_595,customer_595@kalvium.community,SMB,2023-07-18,1119.66,North
596,Customer_596,customer_596@kalvium.community,Startup,2023-07-18,912.28,East
597,Customer_597,customer_597@kalvium.community,Startup,2023-07-18,1607.06,West
598,Customer_598,customer_598@kalvium.community,Enterprise,2023-07-19,796.97,South
599,Customer_599,customer_599@kalvium.community,Enterprise,2023-07-19,378.95,Central
600,Customer_600,customer_600@kalvium.community,Enterprise,2023-07-19,439.1,West
601,Customer_601,customer_601@kalvium.community,Enterprise,2023-07-20,1004.17,East
602,Customer_602,customer_602@kalvium.community,Startup,2023-07-20,1524.84,South
603,Customer_603,customer_603@kalvium.community,Enterprise,2023-07-20,783.94,South
604,Customer_604,customer_604@kalvium.community,Enterprise,2023-07-21,585.04,Central
605,Customer_605,customer_605@kalvium.community,Enterprise,2023-07-21,1784.38,North
606,Customer_606,customer_606@kalvium.community,Startup,2023-07-21,1668.52,East
607,Customer_607,customer_607@kalvium.community,Enterprise,2023-07-22,873.94,Central
608,Customer_608,customer_608@kalvium.community,Startup,2023-07-22,578.44,East
609,Customer_609,customer_609@kalvium.community,Startup,2023-07-22,109.73,North
610,Customer_610,customer_610@kalvium.community,Startup,2023-07-23,708.97,North
611,Customer_611,customer_611@kalvium.community,Enterprise,2023-07-23,654.52,Central
612,Customer_612,customer_612@kalvium.community,SMB,2023-07-23,485.44,North
613,Customer_613,customer_613@kalvium.community,Startup,2023-07-24,1144.93,West
614,Customer_614,customer_614@kalvium.community,Enterprise,2023-07-24,1038.38,South
615,Customer_615,customer_615@kalvium.community,SMB,2023-07-24,998.14,Central
616,Customer_616,customer_616@kalvium.community,Enterprise,2023-07-25,345.16,East
617,Customer_617,customer_617@kalvium.community,Enterprise,2023-07-25,590.66,West
618,Customer_618,customer_618@kalvium.community,Startup,2023-07-25,1142.88,Central
619,Customer_619,customer_619@kalvium.community,SMB,2023-07-26,1071.79,North
620,Customer_620,customer_620@kalvium.community,SMB,2023-07-26,1650.89,North
621,Customer_621,customer_621@kalvium.community,Enterprise,2023-07-26,993.48,North
622,Customer_622,customer_622@kalvium.community,Enterprise,2023-07-27,951.12,North
623,Customer_623,customer_623@kalvium.community,Startup,2023-07-27,120.09,East
624,Customer_624,customer_624@kalvium.community,Startup,2023-07-27,780.38,West
625,Customer_625,customer_625@kalvium.community,Startup,2023-07-28,342.86,South
626,Customer_626,customer_626@kalvium.community,Startup,2023-07-28,675.48,East
627,Customer_627,customer_627@kalvium.community,Startup,2023-07-28,155.97,East
628,Customer_628,customer_628@kalvium.community,SMB,2023-07-29,1610.96,South
629,Customer_629,customer_629@kalvium.community,Enterprise,2023-07-29,528.1,South
630,Customer_630,customer_630@kalvium.community,Startup,2023-07-29,844.77,North
631,Customer_631,customer_631@kalvium.community,SMB,2023-07-30,405.96,East
632,Customer_632,customer_632@kalvium.community,SMB,2023-07-30,482.56,Central
633,Customer_633,customer_633@kalvium.community,Startup,2023-07-30,304.28,South
634,Customer_634,customer_634@kalvium.community,Startup,2023-07-31,992.21,South
635,Customer_635,customer_635@kalvium.community,Enterprise,2023-07-31,373.66,West
636,Customer_636,customer_636@kalvium.community,Startup,2023-07-31,259.95,Central
637,Customer_637,customer_637@kalvium.community,Startup,2023-08-01,1220.53,Central
638,Customer_638,customer_638@kalvium.community,Enterprise,2023-08-01,977.75,South
639,Customer_639,customer_639@kalvium.community,Startup,2023-08-01,834.71,North
640,Customer_640,customer_640@kalvium.community,Startup,2023-08-02,878.75,West
641,Customer_641,customer_641@kalvium.community,Enterprise,2023-08-02,195.38,Central
642,Customer_642,customer_642@kalvium.community,Startup,2023-08-02,418.93,South
643,Customer_643,customer_643@kalvium.community,Enterprise,2023-08-03,304.18,Central
644,Customer_644,customer_644@kalvium.community,Startup,2023-08-03,1245.24,West
645,Customer_645,customer_645@kalvium.community,Enterprise,2023-08-03,1136.57,West
646,Customer_646,customer_646@kalvium.community,SMB,2023-08-04,913.77,East
647,Customer_647,customer_647@kalvium.community,Startup,2023-08-04,280.76,South
648,Customer_648,customer_648@kalvium.community,Startup,2023-08-04,366.36,West
649,Customer_649,customer_649@kalvium.community,SMB,2023-08-05,298.49,East
650,Customer_650,customer_650@kalvium.community,Startup,2023-08-05,1138.63,East
651,Customer_651,customer_651@kalvium.community,Enterprise,2023-08-05,1041.19,Central
652,Customer_652,customer_652@kalvium.community,Startup,2023-08-06,1085.3,Central
653,Customer_653,customer_653@kalvium.community,Startup,2023-08-06,870.67,East
654,Customer_654,customer_654@kalvium.community,SMB,2023-08-06,482.35,Central
655,Customer_655,customer_655@kalvium.community,Startup,2023-08-07,293.41,West
656,Customer_656,customer_656@kalvium.community,Enterprise,2023-08-07,568.9,North
657,Customer_657,customer_657@kalvium.community,Startup,2023-08-07,701.65,West
658,Customer_658,customer_658@kalvium.community,Startup,2023-08-08,1890.15,East
659,Customer_659,customer_659@kalvium.community,Startup,2023-08-08,1313.34,East
660,Customer_660,customer_660@kalvium.community,Startup,2023-08-08,1415.89,West
661,Customer_661,customer_661@kalvium.community,Startup,2023-08-09,792.64,Central
662,Customer_662,customer_662@kalvium.community,Enterprise,2023-08-09,1305.67,Central
663,Customer_663,customer_663@kalvium.community,Startup,2023-08-09,448.1,East
664,Customer_664,customer_664@kalvium.community,Enterprise,2023-08-10,1891.38,South
665,Customer_665,customer_665@kalvium.community,Enterprise,2023-08-10,643.28,Central
666,Customer_666,customer_666@kalvium.community,Enterprise,2023-08-10,1608.72,West
667,Customer_667,customer_667@kalvium.community,Enterprise,2023-08-11,331.58,Central
668,Customer_668,customer_668@kalvium.community,Enterprise,2023-08-11,642.87,West
669,Customer_669,customer_669@kalvium.community,Enterprise,2023-08-11,883.24,East
670,Customer_670,customer_670@kalvium.community,Startup,2023-08-12,916.54,Central
671,Customer_671,customer_671@kalvium.community,Enterprise,2023-08-12,389.47,West
672,Customer_672,customer_672@kalvium.community,SMB,2023-08-12,971.23,East
673,Customer_673,customer_673@kalvium.community,Enterprise,2023-08-13,510.16,South
674,Customer_674,customer_674@kalvium.community,Startup,2023-08-13,955.4,West
675,Customer_675,customer_675@kalvium.community,Startup,2023-08-13,859.16,South
676,Customer_676,customer_676@kalvium.community,Enterprise,2023-08-14,315.54,South
677,Customer_677,customer_677@kalvium.community,Enterprise,2023-08-14,395.49,North
678,Customer_678,customer_678@kalvium.community,Startup,2023-08-14,671.19,Central
679,Customer_679,customer_679@kalvium.community,Enterprise,2023-08-15,214.07,West
680,Customer_680,customer_680@kalvium.community,SMB,2023-08-15,878.14,South
681,Customer_681,customer_681@kalvium.community,SMB,2023-08-15,679.04,North
682,Customer_682,customer_682@kalvium.community,Startup,2023-08-16,329.44,East
683,Customer_683,customer_683@kalvium.community,Enterprise,2023-08-16,441.31,West
684,Customer_684,customer_684@kalvium.community,Startup,2023-08-16,180.36,South
685,Customer_685,customer_685@kalvium.community,Enterprise,2023-08-17,1789.76,Central
686,Customer_686,customer_686@kalvium.community,Startup,2023-08-17,839.36,North
687,Customer_687,customer_687@kalvium.community,Startup,2023-08-17,568.13,South
688,Customer_688,customer_688@kalvium.community,Startup,2023-08-18,1393.65,Central
689,Customer_689,customer_689@kalvium.community,SMB,2023-08-18,113.26,South
690,Customer_690,customer_690@kalvium.community,Enterprise,2023-08-18,1070.32,West
691,Customer_691,customer_691@kalvium.community,Startup,2023-08-19,1329.46,West
692,Customer_692,customer_692@kalvium.community,Startup,2023-08-19,507.83,West
693,Customer_693,customer_693@kalvium.community,Startup,2023-08-19,300.55,North
694,Customer_694,customer_694@kalvium.community,Enterprise,2023-08-20,1311.12,West
695,Customer_695,customer_695@kalvium.community,Enterprise,2023-08-20,245.86,Central
696,Customer_696,customer_696@kalvium.community,Startup,2023-08-20,717.27,South
697,Customer_697,customer_697@kalvium.community,Startup,2023-08-21,0.0,East
698,Customer_698,customer_698@kalvium.community,Startup,2023-08-21,750.98,Central
699,Customer_699,customer_699@kalvium.community,Enterprise,2023-08-21,1374.39,Central
700,Customer_700,customer_700@kalvium.community,Startup,2023-08-22,793.64,West
701,Customer_701,customer_701@kalvium.community,Startup,2023-08-22,604.86,North
702,Customer_702,customer_702@kalvium.community,Enterprise,2023-08-22,1103.46,South
703,Customer_703,customer_703@kalvium.community,Startup,2023-08-23,812.02,North
704,Customer_704,customer_704@kalvium.community,Enterprise,2023-08-23,707.89,South
705,Customer_705,customer_705@kalvium.community,Enterprise,2023-08-23,39.83,South
706,Customer_706,customer_706@kalvium.community,Enterprise,2023-08-24,280.5,North
707,Customer_707,customer_707@kalvium.community,Startup,2023-08-24,201.53,Central
708,Customer_708,customer_708@kalvium.community,SMB,2023-08-24,642.92,South
709,Customer_709,customer_709@kalvium.community,Startup,2023-08-25,651.39,North
710,Customer_710,customer_710@kalvium.community,Startup,2023-08-25,729.4,South
711,Customer_711,customer_711@kalvium.community,SMB,2023-08-25,545.95,East
712,Customer_712,customer_712@kalvium.community,Startup,2023-08-26,970.69,Central
713,Customer_713,customer_713@kalvium.community,Startup,2023-08-26,410.21,West
714,Customer_714,customer_714@kalvium.community,Startup,2023-08-26,627.27,South
715,Customer_715,customer_715@kalvium.community,Startup,2023-08-27,874.89,East
716,Customer_716,customer_716@kalvium.community,Enterprise,2023-08-27,676.08,West
717,Customer_717,customer_717@kalvium.community,SMB,2023-08-27,95.24,West
718,Customer_718,customer_718@kalvium.community,Enterprise,2023-08-28,917.16,South
719,Customer_719,customer_719@kalvium.community,Enterprise,2023-08-28,167.05,North
720,Customer_720,customer_720@kalvium.community,SMB,2023-08-28,3282.16,South
721,Customer_721,customer_721@kalvium.community,Enterprise,2023-08-29,569.42,East
722,Customer_722,customer_722@kalvium.community,Enterprise,2023-08-29,1020.78,West
723,Customer_723,customer_723@kalvium.community,Enterprise,2023-08-29,736.56,South
724,Customer_724,customer_724@kalvium.community,SMB,2023-08-30,65.76,North
725,Customer_725,customer_725@kalvium.community,Startup,2023-08-30,584.62,South
726,Customer_726,customer_726@kalvium.community,SMB,2023-08-30,1675.11,Central
727,Customer_727,customer_727@kalvium.community,Enterprise,2023-08-31,1297.09,North
728,Customer_728,customer_728@kalvium.community,SMB,2023-08-31,987.76,East
729,Customer_729,customer_729@kalvium.community,Enterprise,2023-08-31,320.47,West
730,Customer_730,customer_730@kalvium.community,Enterprise,2023-09-01,1360.34,South
731,Customer_731,customer_731@kalvium.community,Enterprise,2023-09-01,1624.39,North
732,Customer_732,customer_732@kalvium.community,SMB,2023-09-01,435.42,Central
733,Customer_733,customer_733@kalvium.community,Startup,2023-09-02,591.37,North
734,Customer_734,customer_734@kalvium.community,Startup,2023-09-02,753.67,Central
735,Customer_735,customer_735@kalvium.community,Startup,2023-09-02,600.34,East
736,Customer_736,customer_736@kalvium.community,SMB,2023-09-03,947.48,West
737,Customer_737,customer_737@kalvium.community,Startup,2023-09-03,205.77,East
738,Customer_738,customer_738@kalvium.community,SMB,2023-09-03,875.06,South
739,Customer_739,customer_739@kalvium.community,Startup,2023-09-04,384.66,North
740,Customer_740,customer_740@kalvium.community,Startup,2023-09-04,649.15,Central
741,Customer_741,customer_741@kalvium.community,Startup,2023-09-04,679.9,Central
742,Customer_742,customer_742@kalvium.community,Startup,2023-09-05,917.89,North
743,Customer_743,customer_743@kalvium.community,SMB,2023-09-05,1097.63,North
744,Customer_744,customer_744@kalvium.community,Startup,2023-09-05,608.51,South
745,Customer_745,customer_745@kalvium.community,Enterprise,2023-09-06,210.08,East
746,Customer_746,customer_746@kalvium.community,SMB,2023-09-06,661.38,Central
747,Customer_747,customer_747@kalvium.community,Startup,2023-09-06,497.25,South
748,Customer_748,customer_748@kalvium.community,Startup,2023-09-07,882.39,East
749,Customer_749,customer_749@kalvium.community,Enterprise,2023-09-07,885.7,South
750,Customer_750,customer_750@kalvium.community,Startup,2023-09-07,322.69,Central
751,Customer_751,customer_751@kalvium.community,Enterprise,2023-09-08,2061.07,North
752,Customer_752,customer_752@kalvium.community,Enterprise,2023-09-08,648.04,North
753,Customer_753,customer_753@kalvium.community,Startup,2023-09-08,1368.85,East
754,Customer_754,customer_754@kalvium.community,Startup,2023-09-09,456.58,West
755,Customer_755,customer_755@kalvium.community,Enterprise,2023-09-09,444.45,East
756,Customer_756,customer_756@kalvium.community,SMB,2023-09-09,454.87,West
757,Customer_757,customer_757@kalvium.community,Startup,2023-09-10,234.36,South
758,Customer_758,customer_758@kalvium.community,Startup,2023-09-10,1317.63,South
759,Customer_759,customer_759@kalvium.community,SMB,2023-09-10,681.88,Central
760,Customer_760,customer_760@kalvium.community,SMB,2023-09-11,400.53,West
761,Customer_761,customer_761@kalvium.community,Enterprise,2023-09-11,1190.1,Central
762,Customer_762,customer_762@kalvium.community,Startup,2023-09-11,547.17,North
763,Customer_763,customer_763@kalvium.community,Enterprise,2023-09-12,1478.82,West
764,Customer_764,customer_764@kalvium.community,SMB,2023-09-12,530.38,East
765,Customer_765,customer_765@kalvium.community,Enterprise,2023-09-12,643.03,North
766,Customer_766,customer_766@kalvium.community,Startup,2023-09-13,226.09,North
767,Customer_767,customer_767@kalvium.community,SMB,2023-09-13,647.22,East
768,Customer_768,customer_768@kalvium.community,SMB,2023-09-13,667.21,North
769,Customer_769,customer_769@kalvium.community,Startup,2023-09-14,327.75,West
770,Customer_770,customer_770@kalvium.community,SMB,2023-09-14,580.34,Central
771,Customer_771,customer_771@kalvium.community,Enterprise,2023-09-14,539.53,North
772,Customer_772,customer_772@kalvium.community,SMB,2023-09-15,1415.97,West
773,Customer_773,customer_773@kalvium.community,Enterprise,2023-09-15,348.45,South
774,Customer_774,customer_774@kalvium.community,Startup,2023-09-15,148.74,West
775,Customer_775,customer_775@kalvium.community,SMB,2023-09-16,25.12,Central
776,Customer_776,customer_776@kalvium.community,Enterprise,2023-09-16,1023.44,West
777,Customer_777,customer_777@kalvium.community,Enterprise,2023-09-16,113.35,East
778,Customer_778,customer_778@kalvium.community,SMB,2023-09-17,549.83,Central
779,Customer_779,customer_779@kalvium.community,SMB,2023-09-17,913.02,South
780,Customer_780,customer_780@kalvium.community,Startup,2023-09-17,640.26,East
781,Customer_781,customer_781@kalvium.community,Startup,2023-09-18,405.48,West
782,Customer_782,customer_782@kalvium.community,Startup,2023-09-18,100.63,Central
783,Customer_783,customer_783@kalvium.community,Startup,2023-09-18,1582.79,South
784,Customer_784,customer_784@kalvium.community,Startup,2023-09-19,836.26,East
785,Customer_785,customer_785@kalvium.community,Enterprise,2023-09-19,1047.03,South
786,Customer_786,customer_786@kalvium.community,Enterprise,2023-09-19,356.31,West
787,Customer_787,customer_787@kalvium.community,Startup,2023-09-20,663.36,South
788,Customer_788,customer_788@kalvium.community,Startup,2023-09-20,328.88,North
789,Customer_789,customer_789@kalvium.community,Startup,2023-09-20,205.66,East
790,Customer_790,customer_790@kalvium.community,Enterprise,2023-09-21,1261.46,South
791,Customer_791,customer_791@kalvium.community,Enterprise,2023-09-21,758.22,West
792,Customer_792,customer_792@kalvium.community,Startup,2023-09-21,370.99,West
793,Customer_793,customer_793@kalvium.community,Startup,2023-09-22,530.79,South
794,Customer_794,customer_794@kalvium.community,Startup,2023-09-22,570.71,West
795,Customer_795,customer_795@kalvium.community,Enterprise,2023-09-22,989.01,Central
796,Customer_796,customer_796@kalvium.community,SMB,2023-09-23,483.83,Central
797,Customer_797,customer_797@kalvium.community,Enterprise,2023-09-23,645.85,Central
798,Customer_798,customer_798@kalvium.community,Startup,2023-09-23,236.27,North
799,Customer_799,customer_799@kalvium.community,Startup,2023-09-24,800.74,South
800,Customer_800,customer_800@kalvium.community,Enterprise,2023-09-24,453.39,North
801,Customer_801,customer_801@kalvium.community,SMB,2023-09-24,441.15,West
802,Customer_802,customer_802@kalvium.community,Enterprise,2023-09-25,1104.96,North
803,Customer_803,customer_803@kalvium.community,Startup,2023-09-25,246.11,West
804,Customer_804,customer_804@kalvium.community,Startup,2023-09-25,993.94,West
805,Customer_805,customer_805@kalvium.community,Startup,2023-09-26,182.03,East
806,Customer_806,customer_806@kalvium.community,SMB,2023-09-26,842.43,Central
807,Customer_807,customer_807@kalvium.community,Enterprise,2023-09-26,697.57,West
808,Customer_808,customer_808@kalvium.community,Enterprise,2023-09-27,561.2,East
809,Customer_809,customer_809@kalvium.community,Startup,2023-09-27,72.46,Central
810,Customer_810,customer_810@kalvium.community,Enterprise,2023-09-27,790.37,West
811,Customer_811,customer_811@kalvium.community,Enterprise,2023-09-28,228.47,West
812,Customer_812,customer_812@kalvium.community,SMB,2023-09-28,0.0,North
813,Customer_813,customer_813@kalvium.community,Enterprise,2023-09-28,1304.78,North
814,Customer_814,customer_814@kalvium.community,Enterprise,2023-09-29,584.3,Central
815,Customer_815,customer_815@kalvium.community,SMB,2023-09-29,316.95,West
816,Customer_816,customer_816@kalvium.community,Startup,2023-09-29,30.79,South
817,Customer_817,customer_817@kalvium.community,Startup,2023-09-30,392.38,North
818,Customer_818,customer_818@kalvium.community,Startup,2023-09-30,47.39,Central
819,Customer_819,customer_819@kalvium.community,Enterprise,2023-09-30,310.28,West
820,Customer_820,customer_820@kalvium.community,Startup,2023-10-01,1311.97,West
821,Customer_821,customer_821@kalvium.community,SMB,2023-10-01,718.17,South
822,Customer_822,customer_822@kalvium.community,Enterprise,2023-10-01,934.51,Central
823,Customer_823,customer_823@kalvium.community,Startup,2023-10-02,323.34,West
824,Customer_824,customer_824@kalvium.community,Startup,2023-10-02,946.64,North
825,Customer_825,customer_825@kalvium.community,Startup,2023-10-02,1074.09,South
826,Customer_826,customer_826@kalvium.community,Enterprise,2023-10-03,290.83,Central
827,Customer_827,customer_827@kalvium.community,Startup,2023-10-03,496.06,South
828,Customer_828,customer_828@kalvium.community,Startup,2023-10-03,808.07,North
829,Customer_829,customer_829@kalvium.community,SMB,2023-10-04,94.07,Central
830,Customer_830,customer_830@kalvium.community,Startup,2023-10-04,636.48,South
831,Customer_831,customer_831@kalvium.community,Enterprise,2023-10-04,805.64,East
832,Customer_832,customer_832@kalvium.community,Startup,2023-10-05,1432.2,North
833,Customer_833,customer_833@kalvium.community,Enterprise,2023-10-05,1955.07,North
834,Customer_834,customer_834@kalvium.community,Enterprise,2023-10-05,863.43,North
835,Customer_835,customer_835@kalvium.community,Startup,2023-10-06,1756.76,East
836,Customer_836,customer_836@kalvium.community,Startup,2023-10-06,1151.03,East
837,Customer_837,customer_837@kalvium.community,Enterprise,2023-10-06,1862.8,West
838,Customer_838,customer_838@kalvium.community,Startup,2023-10-07,582.73,South
839,Customer_839,customer_839@kalvium.community,Startup,2023-10-07,234.15,West
840,Customer_840,customer_840@kalvium.community,Startup,2023-10-07,927.36,South
841,Customer_841,customer_841@kalvium.community,Enterprise,2023-10-08,149.26,East
842,Customer_842,customer_842@kalvium.community,Startup,2023-10-08,125.06,East
843,Customer_843,customer_843@kalvium.community,Enterprise,2023-10-08,591.67,West
844,Customer_844,customer_844@kalvium.community,Enterprise,2023-10-09,919.43,Central
845,Customer_845,customer_845@kalvium.community,Enterprise,2023-10-09,1191.18,West
846,Customer_846,customer_846@kalvium.community,Startup,2023-10-09,526.68,South
847,Customer_847,customer_847@kalvium.community,Enterprise,2023-10-10,262.1,West
848,Customer_848,customer_848@kalvium.community,Enterprise,2023-10-10,594.43,North
849,Customer_849,customer_849@kalvium.community,Startup,2023-10-10,1501.36,South
850,Customer_850,customer_850@kalvium.community,Startup,2023-10-11,1574.67,South
851,Customer_851,customer_851@kalvium.community,Enterprise,2023-10-11,798.66,Central
852,Customer_852,customer_852@kalvium.community,SMB,2023-10-11,579.21,East
853,Customer_853,customer_853@kalvium.community,Enterprise,2023-10-12,563.63,South
854,Customer_854,customer_854@kalvium.community,SMB,2023-10-12,544.37,East
855,Customer_855,customer_855@kalvium.community,Enterprise,2023-10-12,1427.07,West
856,Customer_856,customer_856@kalvium.community,Enterprise,2023-10-13,1367.08,North
857,Customer_857,customer_857@kalvium.community,Enterprise,2023-10-13,442.5,Central
858,Customer_858,customer_858@kalvium.community,Startup,2023-10-13,1318.7,East
859,Customer_859,customer_859@kalvium.community,Startup,2023-10-14,1692.12,South
860,Customer_860,customer_860@kalvium.community,Enterprise,2023-10-14,208.27,East
861,Customer_861,customer_861@kalvium.community,SMB,2023-10-14,632.0,South
862,Customer_862,customer_862@kalvium.community,Startup,2023-10-15,1548.91,East
863,Customer_863,customer_863@kalvium.community,Startup,2023-10-15,342.24,South
864,Customer_864,customer_864@kalvium.community,Startup,2023-10-15,878.94,West
865,Customer_865,customer_865@kalvium.community,Startup,2023-10-16,627.23,South
866,Customer_866,customer_866@kalvium.community,Startup,2023-10-16,576.23,South
867,Customer_867,customer_867@kalvium.community,Enterprise,2023-10-16,662.8,North
868,Customer_868,customer_868@kalvium.community,Enterprise,2023-10-17,1355.87,South
869,Customer_869,customer_869@kalvium.community,SMB,2023-10-17,736.97,North
870,Customer_870,customer_870@kalvium.community,Enterprise,2023-10-17,977.05,Central
871,Customer_871,customer_871@kalvium.community,Startup,2023-10-18,1068.93,North
872,Customer_872,customer_872@kalvium.community,Startup,2023-10-18,1383.84,West
873,Customer_873,customer_873@kalvium.community,Startup,2023-10-18,175.24,North
874,Customer_874,customer_874@kalvium.community,Startup,2023-10-19,70.92,Central
875,Customer_875,customer_875@kalvium.community,Enterprise,2023-10-19,581.31,West
876,Customer_876,customer_876@kalvium.community,Enterprise,2023-10-19,398.25,East
877,Customer_877,customer_877@kalvium.community,SMB,2023-10-20,897.68,East
878,Customer_878,customer_878@kalvium.community,Startup,2023-10-20,320.22,North
879,Customer_879,customer_879@kalvium.community,Enterprise,2023-10-20,334.66,North
880,Customer_880,customer_880@kalvium.community,Enterprise,2023-10-21,221.68,Central
881,Customer_881,customer_881@kalvium.community,Enterprise,2023-10-21,1202.99,Central
882,Customer_882,customer_882@kalvium.community,Startup,2023-10-21,334.1,South
883,Customer_883,customer_883@kalvium.community,Enterprise,2023-10-22,317.49,Central
884,Customer_884,customer_884@kalvium.community,Enterprise,2023-10-22,1479.35,South
885,Customer_885,customer_885@kalvium.community,SMB,2023-10-22,183.92,West
886,Customer_886,customer_886@kalvium.community,Enterprise,2023-10-23,774.39,North
887,Customer_887,customer_887@kalvium.community,Startup,2023-10-23,1616.13,West
888,Customer_888,customer_888@kalvium.community,Enterprise,2023-10-23,1085.38,Central
889,Customer_889,customer_889@kalvium.community,Enterprise,2023-10-24,1024.25,West
890,Customer_890,customer_890@kalvium.community,Enterprise,2023-10-24,930.34,West
891,Customer_891,customer_891@kalvium.community,SMB,2023-10-24,631.8,West
892,Customer_892,customer_892@kalvium.community,SMB,2023-10-25,411.75,Central
893,Customer_893,customer_893@kalvium.community,SMB,2023-10-25,704.61,West
894,Customer_894,customer_894@kalvium.community,Startup,2023-10-25,1101.01,South
895,Customer_895,customer_895@kalvium.community,Startup,2023-10-26,682.0,Central
896,Customer_896,customer_896@kalvium.community,Enterprise,2023-10-26,510.18,West
897,Customer_897,customer_897@kalvium.community,Startup,2023-10-26,794.94,Central
898,Customer_898,customer_898@kalvium.community,SMB,2023-10-27,383.41,East
899,Customer_899,customer_899@kalvium.community,Enterprise,2023-10-27,584.92,South
900,Customer_900,customer_900@kalvium.community,Enterprise,2023-10-27,1158.07,West
901,Customer_901,customer_901@kalvium.community,Enterprise,2023-10-28,0.0,East
902,Customer_902,customer_902@kalvium.community,Enterprise,2023-10-28,0.0,East
903,Customer_903,customer_903@kalvium.community,Enterprise,2023-10-28,0.0,Central
904,Customer_904,customer_904@kalvium.community,Startup,2023-10-29,0.0,East
905,Customer_905,customer_905@kalvium.community,Startup,2023-10-29,0.0,South
906,Customer_906,customer_906@kalvium.community,SMB,2023-10-29,0.0,South
907,Customer_907,customer_907@kalvium.community,SMB,2023-10-30,0.0,North
908,Customer_908,customer_908@kalvium.community,Startup,2023-10-30,0.0,South
909,Customer_909,customer_909@kalvium.community,Startup,2023-10-30,0.0,East
910,Customer_910,customer_910@kalvium.community,Startup,2023-10-31,0.0,South
911,Customer_911,customer_911@kalvium.community,Startup,2023-10-31,0.0,Central
912,Customer_912,customer_912@kalvium.community,Startup,2023-10-31,0.0,North
913,Customer_913,customer_913@kalvium.community,Startup,2023-11-01,0.0,East
914,Customer_914,customer_914@kalvium.community,Startup,2023-11-01,0.0,North
915,Customer_915,customer_915@kalvium.community,Startup,2023-11-01,0.0,East
916,Customer_916,customer_916@kalvium.community,Startup,2023-11-02,0.0,Central
917,Customer_917,customer_917@kalvium.community,Startup,2023-11-02,0.0,North
918,Customer_918,customer_918@kalvium.community,Enterprise,2023-11-02,0.0,West
919,Customer_919,customer_919@kalvium.community,SMB,2023-11-03,0.0,East
920,Customer_920,customer_920@kalvium.community,Enterprise,2023-11-03,0.0,West
921,Customer_921,customer_921@kalvium.community,SMB,2023-11-03,0.0,North
922,Customer_922,customer_922@kalvium.community,Startup,2023-11-04,0.0,West
923,Customer_923,customer_923@kalvium.community,SMB,2023-11-04,0.0,West
924,Customer_924,customer_924@kalvium.community,SMB,2023-11-04,0.0,North
925,Customer_925,customer_925@kalvium.community,Startup,2023-11-05,0.0,Central
926,Customer_926,customer_926@kalvium.community,Enterprise,2023-11-05,0.0,West
927,Customer_927,customer_927@kalvium.community,Startup,2023-11-05,0.0,West
928,Customer_928,customer_928@kalvium.community,Startup,2023-11-06,0.0,Central
929,Customer_929,customer_929@kalvium.community,Startup,2023-11-06,0.0,West
930,Customer_930,customer_930@kalvium.community,Startup,2023-11-06,0.0,West
931,Customer_931,customer_931@kalvium.community,Enterprise,2023-11-07,0.0,West
932,Customer_932,customer_932@kalvium.community,SMB,2023-11-07,0.0,South
933,Customer_933,customer_933@kalvium.community,Enterprise,2023-11-07,0.0,Central
934,Customer_934,customer_934@kalvium.community,Startup,2023-11-08,0.0,West
935,Customer_935,customer_935@kalvium.community,Enterprise,2023-11-08,0.0,Central
936,Customer_936,customer_936@kalvium.community,Startup,2023-11-08,0.0,East
937,Customer_937,customer_937@kalvium.community,Enterprise,2023-11-09,0.0,East
938,Customer_938,customer_938@kalvium.community,Enterprise,2023-11-09,0.0,West
939,Customer_939,customer_939@kalvium.community,Enterprise,2023-11-09,0.0,Central
940,Customer_940,customer_940@kalvium.community,Startup,2023-11-10,0.0,Central
941,Customer_941,customer_941@kalvium.community,Startup,2023-11-10,0.0,Central
942,Customer_942,customer_942@kalvium.community,Startup,2023-11-10,0.0,South
943,Customer_943,customer_943@kalvium.community,Startup,2023-11-11,0.0,East
944,Customer_944,customer_944@kalvium.community,SMB,2023-11-11,0.0,Central
945,Customer_945,customer_945@kalvium.community,Enterprise,2023-11-11,0.0,Central
946,Customer_946,customer_946@kalvium.community,Enterprise,2023-11-12,0.0,South
947,Customer_947,customer_947@kalvium.community,Enterprise,2023-11-12,0.0,South
948,Customer_948,customer_948@kalvium.community,Enterprise,2023-11-12,0.0,Central
949,Customer_949,customer_949@kalvium.community,SMB,2023-11-13,0.0,North
950,Customer_950,customer_950@kalvium.community,Startup,2023-11-13,0.0,Central
951,Customer_951,customer_951@kalvium.community,Startup,2023-11-13,0.0,Central
952,Customer_952,customer_952@kalvium.community,Startup,2023-11-14,0.0,South
953,Customer_953,customer_953@kalvium.community,Enterprise,2023-11-14,0.0,South
954,Customer_954,customer_954@kalvium.community,Enterprise,2023-11-14,0.0,Central
955,Customer_955,customer_955@kalvium.community,Startup,2023-11-15,0.0,Central
956,Customer_956,customer_956@kalvium.community,Startup,2023-11-15,0.0,Central
957,Customer_957,customer_957@kalvium.community,Startup,2023-11-15,0.0,South
958,Customer_958,customer_958@kalvium.community,Enterprise,2023-11-16,0.0,Central
959,Customer_959,customer_959@kalvium.community,Enterprise,2023-11-16,0.0,Central
960,Customer_960,customer_960@kalvium.community,SMB,2023-11-16,0.0,West
961,Customer_961,customer_961@kalvium.community,Enterprise,2023-11-17,0.0,North
962,Customer_962,customer_962@kalvium.community,Startup,2023-11-17,0.0,East
963,Customer_963,customer_963@kalvium.community,Enterprise,2023-11-17,0.0,North
964,Customer_964,customer_964@kalvium.community,Startup,2023-11-18,0.0,West
965,Customer_965,customer_965@kalvium.community,Startup,2023-11-18,0.0,East
966,Customer_966,customer_966@kalvium.community,Startup,2023-11-18,0.0,Central
967,Customer_967,customer_967@kalvium.community,SMB,2023-11-19,0.0,West
968,Customer_968,customer_968@kalvium.community,Startup,2023-11-19,0.0,Central
969,Customer_969,customer_969@kalvium.community,Startup,2023-11-19,0.0,South
970,Customer_970,customer_970@kalvium.community,Startup,2023-11-20,0.0,West
971,Customer_971,customer_971@kalvium.community,Startup,2023-11-20,0.0,South
972,Customer_972,customer_972@kalvium.community,Enterprise,2023-11-20,0.0,West
973,Customer_973,customer_973@kalvium.community,SMB,2023-11-21,0.0,West
974,Customer_974,customer_974@kalvium.community,Enterprise,2023-11-21,0.0,South
975,Customer_975,customer_975@kalvium.community,Enterprise,2023-11-21,0.0,East
976,Customer_976,customer_976@kalvium.community,Startup,2023-11-22,0.0,North
977,Customer_977,customer_977@kalvium.community,Startup,2023-11-22,0.0,Central
978,Customer_978,customer_978@kalvium.community,Enterprise,2023-11-22,0.0,West
979,Customer_979,customer_979@kalvium.community,Startup,2023-11-23,0.0,Central
980,Customer_980,customer_980@kalvium.community,Startup,2023-11-23,0.0,South
981,Customer_981,customer_981@kalvium.community,Startup,2023-11-23,0.0,Central
982,Customer_982,customer_982@kalvium.community,SMB,2023-11-24,0.0,South
983,Customer_983,customer_983@kalvium.community,Enterprise,2023-11-24,0.0,Central
984,Customer_984,customer_984@kalvium.community,Enterprise,2023-11-24,0.0,North
985,Customer_985,customer_985@kalvium.community,SMB,2023-11-25,0.0,North
986,Customer_986,customer_986@kalvium.community,Startup,2023-11-25,0.0,North
987,Customer_987,customer_987@kalvium.community,Startup,2023-11-25,0.0,North
988,Customer_988,customer_988@kalvium.community,Startup,2023-11-26,0.0,North
989,Customer_989,customer_989@kalvium.community,Enterprise,2023-11-26,0.0,North
990,Customer_990,customer_990@kalvium.community,SMB,2023-11-26,0.0,South
991,Customer_991,customer_991@kalvium.community,SMB,2023-11-27,0.0,West
992,Customer_992,customer_992@kalvium.community,Startup,2023-11-27,0.0,Central
993,Customer_993,customer_993@kalvium.community,Startup,2023-11-27,0.0,North
994,Customer_994,customer_994@kalvium.community,Startup,2023-11-28,0.0,South
995,Customer_995,customer_995@kalvium.community,Startup,2023-11-28,0.0,South
996,Customer_996,customer_996@kalvium.community,Enterprise,2023-11-28,0.0,South
997,Customer_997,customer_997@kalvium.community,Enterprise,2023-11-29,0.0,West
998,Customer_998,customer_998@kalvium.community,Enterprise,2023-11-29,0.0,Central
999,Customer_999,customer_999@kalvium.community,Enterprise,2023-11-29,0.0,West
1000,Customer_1000,customer_1000@kalvium.community,Startup,2023-11-30,0.0,East
