day_of_week,hour,total_revenue,transaction_count,avg_amount
Friday,0,1003.59,4,250.9
Friday,1,1244.29,3,414.76
Friday,2,263.65,1,263.65
Friday,3,560.32,2,280.16
Friday,4,616.16,3,205.39
Friday,5,1060.04,3,353.35
Friday,6,262.74,3,87.58
Friday,7,439.09,2,219.54
Friday,8,537.77,2,268.88
Friday,9,1332.06,3,444.02
Friday,10,950.24,2,475.12
Friday,11,371.9,1,371.9
Friday,12,253.09,2,126.54
Friday,13,344.29,2,172.14
Friday,14,2014.99,6,335.83
Friday,15,531.02,2,265.51
Friday,16,83.72,1,83.72
Friday,17,672.21,2,336.1
Friday,18,808.75,2,404.38
Friday,19,1563.71,6,260.62
Friday,21,653.97,4,163.49
Friday,22,195.04,2,97.52
Friday,23,1072.39,3,357.46
Monday,0,1171.59,4,292.9
Monday,1,411.8,3,137.27
Monday,2,163.21,2,81.6
Monday,3,156.7,1,156.7
Monday,4,627.88,2,313.94
Monday,5,1807.71,8,225.96
Monday,6,287.34,2,143.67
Monday,8,408.66,3,136.22
Monday,9,1340.87,4,335.22
Monday,10,1257.82,5,251.56
Monday,11,419.52,2,209.76
Monday,12,458.84,3,152.95
Monday,13,986.04,3,328.68
Monday,14,1004.33,3,334.78
Monday,15,629.92,3,209.97
Monday,16,390.91,1,390.91
Monday,17,169.95,2,84.98
Monday,18,496.75,1,496.75
Monday,19,1639.53,5,327.91
Monday,20,712.77,3,237.59
Monday,21,1463.35,4,365.84
Monday,22,303.72,2,151.86
Monday,23,623.04,4,155.76
Saturday,0,1165.57,3,388.52
Saturday,1,891.25,2,445.62
Saturday,2,536.61,3,178.87
Saturday,3,685.5,3,228.5
Saturday,4,462.65,1,462.65
Saturday,5,1075.78,4,268.94
Saturday,7,178.21,1,178.21
Saturday,8,1017.95,4,254.49
Saturday,9,245.13,1,245.13
Saturday,10,2105.03,6,350.84
Saturday,11,456.72,3,152.24
Saturday,12,1473.95,8,184.24
Saturday,13,113.86,1,113.86
Saturday,14,1266.06,3,422.02
Saturday,15,744.55,3,248.18
Saturday,16,567.11,4,141.78
Saturday,17,404.08,2,202.04
Saturday,18,1029.62,4,257.4
Saturday,19,262.88,1,262.88
Saturday,20,936.82,3,312.27
Saturday,21,1393.66,5,278.73
Saturday,22,792.44,3,264.15
Saturday,23,58.93,1,58.93
Sunday,0,928.08,3,309.36
Sunday,1,1885.31,6,314.22
Sunday,2,970.15,3,323.38
Sunday,3,688.23,4,172.06
Sunday,4,767.23,3,255.74
Sunday,5,91.23,2,45.62
Sunday,6,1120.25,4,280.06
Sunday,7,713.11,4,178.28
Sunday,8,631.07,3,210.36
Sunday,9,533.55,2,266.77
Sunday,10,438.21,1,438.21
Sunday,11,201.45,2,100.72
Sunday,12,1000.92,5,200.18
Sunday,13,825.56,2,412.78
Sunday,14,465.89,1,465.89
Sunday,15,521.18,2,260.59
Sunday,16,479.96,3,159.99
Sunday,17,1060.67,3,353.56
Sunday,18,455.63,2,227.82
Sunday,20,1079.1,5,215.82
Sunday,21,995.1,4,248.77
Sunday,22,168.02,1,168.02
Sunday,23,141.25,3,47.08
Thursday,0,253.49,1,253.49
Thursday,1,528.48,3,176.16
Thursday,2,2315.54,8,289.44
Thursday,4,1568.38,5,313.68
Thursday,5,304.36,1,304.36
Thursday,6,1377.67,5,275.53
Thursday,7,1070.26,3,356.75
Thursday,8,1476.97,4,369.24
Thursday,9,340.15,2,170.08
Thursday,10,1096.19,3,365.4
Thursday,11,1053.44,5,210.69
Thursday,13,324.63,3,108.21
Thursday,14,730.54,2,365.27
Thursday,15,2386.1,6,397.68
Thursday,16,930.69,4,232.67
Thursday,17,1690.96,7,241.57
Thursday,18,790.15,3,263.38
Thursday,19,962.36,3,320.79
Thursday,20,611.37,2,305.68
Thursday,21,444.51,2,222.26
Thursday,22,661.1,2,330.55
Thursday,23,1048.18,5,209.64
Tuesday,1,672.71,3,224.24
Tuesday,2,423.79,1,423.79
Tuesday,3,854.41,3,284.8
Tuesday,4,189.04,1,189.04
Tuesday,5,12.21,1,12.21
Tuesday,6,710.72,3,236.91
Tuesday,7,690.8,2,345.4
Tuesday,8,1124.87,4,281.22
Tuesday,9,272.13,2,136.06
Tuesday,10,777.18,5,155.44
Tuesday,11,159.14,2,79.57
Tuesday,12,1222.36,3,407.45
Tuesday,13,682.05,3,227.35
Tuesday,14,1701.26,7,243.04
Tuesday,15,543.56,2,271.78
Tuesday,16,827.17,2,413.58
Tuesday,17,917.61,5,183.52
Tuesday,18,299.42,2,149.71
Tuesday,19,493.39,2,246.7
Tuesday,20,265.79,1,265.79
Tuesday,21,1789.69,6,298.28
Tuesday,22,1198.16,5,239.63
Tuesday,23,315.13,1,315.13
Wednesday,0,1188.85,6,198.14
Wednesday,1,632.48,2,316.24
Wednesday,2,951.82,5,190.36
Wednesday,3,1125.25,5,225.05
Wednesday,4,800.36,4,200.09
Wednesday,5,475.5,2,237.75
Wednesday,6,684.36,2,342.18
Wednesday,7,431.16,2,215.58
Wednesday,8,109.02,1,109.02
Wednesday,9,1084.28,4,271.07
Wednesday,10,812.91,3,270.97
Wednesday,11,1826.69,5,365.34
Wednesday,12,1689.2,5,337.84
Wednesday,13,1597.35,4,399.34
Wednesday,14,422.58,1,422.58
Wednesday,15,453.04,3,151.01
Wednesday,16,134.55,2,67.28
Wednesday,17,27.56,1,27.56
Wednesday,18,496.08,4,124.02
Wednesday,19,1567.47,6,261.24
Wednesday,20,443.98,2,221.99
Wednesday,21,1860.9,8,232.61
Wednesday,22,840.01,5,168.0
Wednesday,23,1618.79,5,323.76
