transaction_id,customer_id,transaction_date,amount,product_category,status,day_of_week,hour,week_num,days_since_last_purchase,churn_risk
TXN_00001,CUST_006,2025-01-17 01:33:50,370.99,Subscription,completed,Friday,1,3,448,High
TXN_00002,CUST_033,2025-05-20 07:29:24,444.34,Subscription,failed,Tuesday,7,21,432,High
TXN_00003,CUST_049,2025-04-28 19:44:56,461.32,Subscription,completed,Monday,19,18,430,High
TXN_00004,CUST_044,2025-03-20 23:57:17,256.78,Subscription,completed,Thursday,23,12,430,High
TXN_00005,CUST_014,2025-03-19 22:37:32,264.93,One-Time,pending,Wednesday,22,12,480,High
TXN_00006,CUST_023,2025-06-04 13:08:34,401.94,Subscription,completed,Wednesday,13,23,426,High
TXN_00007,CUST_027,2025-01-16 11:17:06,164.08,Add-On,completed,Thursday,11,3,430,High
TXN_00008,CUST_013,2025-05-06 12:37:47,420.32,Subscription,completed,Tuesday,12,19,448,High
TXN_00009,CUST_014,2025-02-06 06:20:54,252.13,One-Time,completed,Thursday,6,6,480,High
TXN_00010,CUST_012,2025-01-17 22:50:46,66.77,Subscription,completed,Friday,22,3,434,High
TXN_00011,CUST_050,2025-04-05 18:23:21,45.31,One-Time,completed,Saturday,18,14,458,High
TXN_00012,CUST_038,2025-06-25 14:41:18,422.58,One-Time,completed,Wednesday,14,26,421,High
TXN_00013,CUST_043,2025-05-13 10:27:00,37.23,Subscription,completed,Tuesday,10,20,418,High
TXN_00014,CUST_041,2025-05-18 00:07:24,147.5,Refund,completed,Sunday,0,20,423,High
TXN_00015,CUST_048,2025-05-10 03:30:06,173.72,Subscription,pending,Saturday,3,19,453,High
TXN_00016,CUST_006,2025-05-22 11:47:52,94.77,Subscription,completed,Thursday,11,21,448,High
TXN_00017,CUST_045,2025-04-03 09:08:19,163.81,One-Time,completed,Thursday,9,14,422,High
TXN_00018,CUST_004,2025-01-24 01:27:03,373.92,Add-On,failed,Friday,1,4,506,High
TXN_00019,CUST_024,2025-06-01 03:42:44,17.19,Subscription,completed,Sunday,3,22,445,High
TXN_00020,CUST_030,2025-03-23 01:40:02,415.31,Subscription,completed,Sunday,1,12,423,High
TXN_00021,CUST_018,2025-04-01 01:31:12,429.71,Add-On,completed,Tuesday,1,14,429,High
TXN_00022,CUST_008,2025-03-08 17:50:50,192.41,One-Time,completed,Saturday,17,10,418,High
TXN_00023,CUST_010,2025-02-02 20:36:51,85.27,Refund,pending,Sunday,20,5,422,High
TXN_00024,CUST_042,2025-06-16 19:37:29,304.41,One-Time,completed,Monday,19,25,430,High
TXN_00025,CUST_016,2025-05-21 16:22:17,68.64,One-Time,completed,Wednesday,16,21,430,High
TXN_00026,CUST_016,2025-04-26 21:29:50,188.81,Subscription,completed,Saturday,21,17,430,High
TXN_00027,CUST_047,2025-03-14 10:25:48,479.63,Add-On,completed,Friday,10,11,430,High
TXN_00028,CUST_008,2025-05-29 02:19:48,497.78,Subscription,completed,Thursday,2,22,418,High
TXN_00029,CUST_046,2025-04-09 04:15:13,388.33,One-Time,completed,Wednesday,4,15,425,High
TXN_00030,CUST_047,2025-03-21 19:32:57,162.37,Subscription,completed,Friday,19,12,430,High
TXN_00031,CUST_030,2025-03-23 01:59:06,346.96,One-Time,completed,Sunday,1,12,423,High
TXN_00032,CUST_009,2025-02-10 21:40:16,355.65,One-Time,completed,Monday,21,7,417,High
TXN_00033,CUST_008,2025-01-17 14:01:37,200.04,One-Time,completed,Friday,14,3,418,High
TXN_00034,CUST_015,2025-04-10 19:48:22,324.04,Add-On,completed,Thursday,19,15,422,High
TXN_00035,CUST_029,2025-06-09 19:41:02,15.26,Subscription,completed,Monday,19,24,422,High
TXN_00036,CUST_008,2025-01-12 11:41:25,112.44,One-Time,completed,Sunday,11,2,418,High
TXN_00037,CUST_023,2025-06-04 11:49:06,267.29,Subscription,completed,Wednesday,11,23,426,High
TXN_00038,CUST_006,2025-05-29 23:21:59,90.24,Subscription,completed,Thursday,23,22,448,High
TXN_00039,CUST_028,2025-02-19 19:36:06,91.29,Subscription,pending,Wednesday,19,8,422,High
TXN_00040,CUST_002,2025-04-24 16:47:24,419.79,Subscription,completed,Thursday,16,17,429,High
TXN_00041,CUST_036,2025-01-30 17:47:22,494.68,Subscription,pending,Thursday,17,5,424,High
TXN_00042,CUST_003,2025-05-17 10:56:20,282.43,One-Time,completed,Saturday,10,20,422,High
TXN_00043,CUST_010,2025-05-07 02:15:33,421.14,One-Time,completed,Wednesday,2,19,422,High
TXN_00044,CUST_009,2025-03-05 19:33:07,495.26,One-Time,completed,Wednesday,19,10,417,High
TXN_00045,CUST_042,2025-01-13 05:24:51,79.38,Subscription,completed,Monday,5,3,430,High
TXN_00046,CUST_003,2025-06-24 17:24:55,229.64,Subscription,completed,Tuesday,17,26,422,High
TXN_00047,CUST_022,2025-03-22 05:22:11,202.36,Subscription,completed,Saturday,5,12,488,High
TXN_00048,CUST_030,2025-06-10 18:16:59,49.22,One-Time,completed,Tuesday,18,24,423,High
TXN_00049,CUST_026,2025-05-03 00:36:36,380.11,Add-On,completed,Saturday,0,18,474,High
TXN_00050,CUST_035,2025-05-21 02:37:00,222.55,Subscription,completed,Wednesday,2,21,421,High
TXN_00051,CUST_041,2025-05-17 18:45:56,239.97,One-Time,completed,Saturday,18,20,423,High
TXN_00052,CUST_020,2025-02-05 00:50:21,83.83,Subscription,completed,Wednesday,0,6,514,High
TXN_00053,CUST_042,2025-03-07 12:04:26,98.65,Subscription,completed,Friday,12,10,430,High
TXN_00054,CUST_016,2025-03-26 00:14:05,454.48,Subscription,completed,Wednesday,0,13,430,High
TXN_00055,CUST_050,2025-03-31 14:27:34,31.88,Subscription,completed,Monday,14,14,458,High
TXN_00056,CUST_026,2025-01-08 21:13:56,124.1,One-Time,completed,Wednesday,21,2,474,High
TXN_00057,CUST_037,2025-04-09 09:10:48,153.11,Add-On,pending,Wednesday,9,15,425,High
TXN_00058,CUST_044,2025-01-28 18:31:50,250.2,Subscription,completed,Tuesday,18,5,430,High
TXN_00059,CUST_040,2025-05-14 19:23:02,297.36,One-Time,completed,Wednesday,19,20,463,High
TXN_00060,CUST_043,2025-05-03 22:46:17,251.71,One-Time,pending,Saturday,22,18,418,High
TXN_00061,CUST_027,2025-06-16 01:19:12,51.22,Refund,failed,Monday,1,25,430,High
TXN_00062,CUST_003,2025-05-15 01:22:21,129.4,One-Time,completed,Thursday,1,20,422,High
TXN_00063,CUST_025,2025-03-07 23:53:46,423.36,Subscription,pending,Friday,23,10,442,High
TXN_00064,CUST_010,2025-06-24 03:38:31,322.42,One-Time,pending,Tuesday,3,26,422,High
TXN_00065,CUST_045,2025-03-15 22:52:24,328.08,Subscription,completed,Saturday,22,11,422,High
TXN_00066,CUST_012,2025-02-28 15:33:55,338.4,Refund,completed,Friday,15,9,434,High
TXN_00067,CUST_012,2025-06-12 23:54:52,383.82,Subscription,completed,Thursday,23,24,434,High
TXN_00068,CUST_013,2025-03-08 16:23:09,38.47,One-Time,completed,Saturday,16,10,448,High
TXN_00069,CUST_033,2025-01-14 17:48:09,189.64,Subscription,completed,Tuesday,17,3,432,High
TXN_00070,CUST_029,2025-03-26 12:28:51,274.37,Subscription,completed,Wednesday,12,13,422,High
TXN_00071,CUST_048,2025-05-24 05:20:14,175.84,Add-On,completed,Saturday,5,21,453,High
TXN_00072,CUST_021,2025-02-04 02:30:58,423.79,One-Time,completed,Tuesday,2,6,442,High
TXN_00073,CUST_015,2025-03-25 07:54:11,246.46,Subscription,completed,Tuesday,7,13,422,High
TXN_00074,CUST_003,2025-01-24 09:15:39,386.63,Add-On,pending,Friday,9,4,422,High
TXN_00075,CUST_001,2025-05-04 13:35:09,427.49,Add-On,completed,Sunday,13,18,417,High
TXN_00076,CUST_019,2025-03-27 15:02:43,257.35,Subscription,completed,Thursday,15,13,418,High
TXN_00077,CUST_047,2025-03-01 10:26:53,455.68,One-Time,completed,Saturday,10,9,430,High
TXN_00078,CUST_027,2025-02-10 20:14:54,297.69,Subscription,pending,Monday,20,7,430,High
TXN_00079,CUST_045,2025-04-12 14:38:22,426.63,One-Time,failed,Saturday,14,15,422,High
TXN_00080,CUST_006,2025-05-01 13:35:47,176.89,Subscription,pending,Thursday,13,18,448,High
TXN_00081,CUST_005,2025-06-19 06:07:20,254.42,Subscription,pending,Thursday,6,25,423,High
TXN_00082,CUST_042,2025-03-20 16:29:46,270.39,Add-On,completed,Thursday,16,12,430,High
TXN_00083,CUST_006,2025-01-29 22:10:22,61.44,Add-On,completed,Wednesday,22,5,448,High
TXN_00084,CUST_003,2025-05-30 21:10:11,205.29,Add-On,completed,Friday,21,22,422,High
TXN_00085,CUST_021,2025-04-24 08:34:54,459.5,Refund,completed,Thursday,8,17,442,High
TXN_00086,CUST_047,2025-05-07 01:08:42,319.11,One-Time,pending,Wednesday,1,19,430,High
TXN_00087,CUST_035,2025-01-18 12:01:08,96.98,One-Time,completed,Saturday,12,3,421,High
TXN_00088,CUST_005,2025-02-26 05:25:26,176.04,One-Time,completed,Wednesday,5,9,423,High
TXN_00089,CUST_042,2025-05-19 05:05:08,103.89,Subscription,completed,Monday,5,21,430,High
TXN_00090,CUST_043,2025-05-30 19:21:44,22.16,Subscription,completed,Friday,19,22,418,High
TXN_00091,CUST_041,2025-03-20 08:08:09,464.46,Subscription,completed,Thursday,8,12,423,High
TXN_00092,CUST_046,2025-05-25 20:34:55,229.62,One-Time,completed,Sunday,20,21,425,High
TXN_00093,CUST_012,2025-06-01 12:06:31,160.69,Subscription,pending,Sunday,12,22,434,High
TXN_00094,CUST_049,2025-03-11 17:54:23,303.25,Subscription,completed,Tuesday,17,11,430,High
TXN_00095,CUST_017,2025-06-11 15:44:18,13.58,One-Time,pending,Wednesday,15,24,435,High
TXN_00096,CUST_041,2025-02-21 21:34:38,146.23,Subscription,completed,Friday,21,8,423,High
TXN_00097,CUST_029,2025-02-13 02:53:22,354.49,Subscription,completed,Thursday,2,7,422,High
TXN_00098,CUST_039,2025-05-03 20:22:50,320.55,Add-On,completed,Saturday,20,18,418,High
TXN_00099,CUST_032,2025-04-25 14:48:39,491.08,Add-On,pending,Friday,14,17,421,High
TXN_00100,CUST_033,2025-01-26 03:43:50,313.98,Subscription,completed,Sunday,3,4,432,High
TXN_00101,CUST_031,2025-05-30 21:25:21,243.98,Subscription,pending,Friday,21,22,433,High
TXN_00102,CUST_039,2025-02-05 23:36:12,383.1,Subscription,completed,Wednesday,23,6,418,High
TXN_00103,CUST_037,2025-05-25 21:09:51,452.63,One-Time,completed,Sunday,21,21,425,High
TXN_00104,CUST_007,2025-01-02 07:48:18,363.14,Add-On,pending,Thursday,7,1,424,High
TXN_00105,CUST_042,2025-05-24 10:21:35,481.97,Subscription,completed,Saturday,10,21,430,High
TXN_00106,CUST_027,2025-05-22 15:30:47,393.18,One-Time,completed,Thursday,15,21,430,High
TXN_00107,CUST_017,2025-05-21 11:10:25,434.73,Subscription,failed,Wednesday,11,21,435,High
TXN_00108,CUST_026,2025-04-30 16:09:20,65.91,Subscription,completed,Wednesday,16,18,474,High
TXN_00109,CUST_049,2025-03-26 21:10:12,368.88,Refund,completed,Wednesday,21,13,430,High
TXN_00110,CUST_043,2025-05-07 22:18:51,225.64,Subscription,completed,Wednesday,22,19,418,High
TXN_00111,CUST_042,2025-02-19 21:09:55,281.02,Subscription,completed,Wednesday,21,8,430,High
TXN_00112,CUST_024,2025-05-21 12:44:57,330.51,Subscription,completed,Wednesday,12,21,445,High
TXN_00113,CUST_040,2025-04-11 00:23:41,485.21,One-Time,completed,Friday,0,15,463,High
TXN_00114,CUST_020,2025-03-24 14:30:58,492.44,Add-On,completed,Monday,14,13,514,High
TXN_00115,CUST_035,2025-04-02 00:13:08,151.23,Refund,pending,Wednesday,0,14,421,High
TXN_00116,CUST_032,2025-04-13 08:57:43,369.54,Subscription,completed,Sunday,8,15,421,High
TXN_00117,CUST_013,2025-01-07 16:58:23,377.49,Subscription,completed,Tuesday,16,2,448,High
TXN_00118,CUST_014,2025-01-26 03:55:22,179.78,One-Time,completed,Sunday,3,4,480,High
TXN_00119,CUST_004,2025-02-14 04:28:43,70.7,Subscription,failed,Friday,4,7,506,High
TXN_00120,CUST_007,2025-01-21 14:46:11,30.06,Add-On,completed,Tuesday,14,4,424,High
TXN_00121,CUST_022,2025-03-21 03:07:50,390.9,One-Time,completed,Friday,3,12,488,High
TXN_00122,CUST_024,2025-05-01 07:30:02,249.95,Subscription,completed,Thursday,7,18,445,High
TXN_00123,CUST_009,2025-04-28 19:07:57,492.91,Add-On,pending,Monday,19,18,417,High
TXN_00124,CUST_021,2025-03-26 19:08:08,237.84,Subscription,completed,Wednesday,19,13,442,High
TXN_00125,CUST_031,2025-06-03 21:56:44,489.18,Subscription,completed,Tuesday,21,23,433,High
TXN_00126,CUST_012,2025-04-12 17:49:11,211.67,One-Time,completed,Saturday,17,15,434,High
TXN_00127,CUST_017,2025-01-15 06:07:58,398.9,One-Time,completed,Wednesday,6,3,435,High
TXN_00128,CUST_019,2025-05-18 16:47:42,51.56,One-Time,completed,Sunday,16,20,418,High
TXN_00129,CUST_026,2025-04-14 10:16:28,282.18,One-Time,completed,Monday,10,16,474,High
TXN_00130,CUST_019,2025-04-25 05:58:59,403.01,Refund,completed,Friday,5,17,418,High
TXN_00131,CUST_037,2025-04-12 18:24:45,463.1,Refund,completed,Saturday,18,15,425,High
TXN_00132,CUST_017,2025-04-10 15:27:46,413.07,One-Time,pending,Thursday,15,15,435,High
TXN_00133,CUST_022,2025-01-17 07:14:49,28.12,Subscription,completed,Friday,7,3,488,High
TXN_00134,CUST_019,2025-04-11 15:46:29,192.62,One-Time,completed,Friday,15,15,418,High
TXN_00135,CUST_010,2025-05-24 02:01:21,33.86,Refund,failed,Saturday,2,21,422,High
TXN_00136,CUST_035,2025-02-24 17:03:51,63.55,Subscription,completed,Monday,17,9,421,High
TXN_00137,CUST_012,2025-04-19 12:15:40,340.9,Subscription,completed,Saturday,12,16,434,High
TXN_00138,CUST_015,2025-01-06 13:07:58,359.5,Subscription,pending,Monday,13,2,422,High
TXN_00139,CUST_040,2025-03-04 13:11:47,389.12,Subscription,completed,Tuesday,13,10,463,High
TXN_00140,CUST_048,2025-03-20 14:37:08,434.07,One-Time,completed,Thursday,14,12,453,High
TXN_00141,CUST_034,2025-06-26 21:25:47,372.32,Subscription,completed,Thursday,21,26,420,High
TXN_00142,CUST_046,2025-02-08 15:00:20,402.43,One-Time,completed,Saturday,15,6,425,High
TXN_00143,CUST_043,2025-02-19 18:41:19,33.99,Add-On,completed,Wednesday,18,8,418,High
TXN_00144,CUST_025,2025-03-15 12:50:37,124.92,Add-On,completed,Saturday,12,11,442,High
TXN_00145,CUST_039,2025-06-28 16:18:55,314.73,Subscription,completed,Saturday,16,26,418,High
TXN_00146,CUST_017,2025-06-03 14:42:04,430.48,Subscription,completed,Tuesday,14,23,435,High
TXN_00147,CUST_024,2025-01-07 05:52:24,12.21,One-Time,completed,Tuesday,5,2,445,High
TXN_00148,CUST_027,2025-02-12 02:37:06,262.17,Add-On,completed,Wednesday,2,7,430,High
TXN_00149,CUST_049,2025-05-28 21:38:01,341.87,Subscription,pending,Wednesday,21,22,430,High
TXN_00150,CUST_043,2025-01-11 11:52:04,24.51,Add-On,pending,Saturday,11,2,418,High
TXN_00151,CUST_025,2025-06-04 00:29:53,206.66,Subscription,completed,Wednesday,0,23,442,High
TXN_00152,CUST_033,2025-02-20 15:34:42,448.86,Add-On,completed,Thursday,15,8,432,High
TXN_00153,CUST_011,2025-06-15 04:15:25,339.09,Subscription,completed,Sunday,4,24,431,High
TXN_00154,CUST_041,2025-02-22 20:19:30,126.45,Subscription,completed,Saturday,20,8,423,High
TXN_00155,CUST_028,2025-03-20 04:14:54,427.86,One-Time,pending,Thursday,4,12,422,High
TXN_00156,CUST_027,2025-04-30 03:28:45,180.54,Subscription,completed,Wednesday,3,18,430,High
TXN_00157,CUST_039,2025-01-23 17:31:57,428.14,Subscription,completed,Thursday,17,4,418,High
TXN_00158,CUST_032,2025-04-11 06:22:44,156.48,Subscription,pending,Friday,6,15,421,High
TXN_00159,CUST_004,2025-04-01 21:40:00,299.26,Subscription,completed,Tuesday,21,14,506,High
TXN_00160,CUST_015,2025-05-22 02:26:24,204.5,One-Time,completed,Thursday,2,21,422,High
TXN_00161,CUST_009,2025-06-29 07:10:54,144.66,Subscription,completed,Sunday,7,26,417,High
TXN_00162,CUST_037,2025-04-30 13:50:04,444.41,One-Time,completed,Wednesday,13,18,425,High
TXN_00163,CUST_002,2025-03-15 15:41:07,101.92,Add-On,completed,Saturday,15,11,429,High
TXN_00164,CUST_011,2025-03-15 03:35:28,51.56,Subscription,completed,Saturday,3,11,431,High
TXN_00165,CUST_030,2025-03-17 05:34:54,177.54,Subscription,pending,Monday,5,12,423,High
TXN_00166,CUST_035,2025-05-27 12:34:05,361.64,Add-On,pending,Tuesday,12,22,421,High
TXN_00167,CUST_026,2025-02-27 19:39:07,405.64,Add-On,pending,Thursday,19,9,474,High
TXN_00168,CUST_044,2025-01-31 01:19:22,499.38,One-Time,completed,Friday,1,5,430,High
TXN_00169,CUST_046,2025-03-02 04:08:20,155.22,Add-On,completed,Sunday,4,9,425,High
TXN_00170,CUST_007,2025-01-05 02:06:58,209.89,Subscription,pending,Sunday,2,1,424,High
TXN_00171,CUST_048,2025-01-20 02:32:09,77.04,Subscription,completed,Monday,2,4,453,High
TXN_00172,CUST_031,2025-01-17 05:00:24,291.69,One-Time,completed,Friday,5,3,433,High
TXN_00173,CUST_032,2025-05-19 21:06:23,498.81,Subscription,completed,Monday,21,21,421,High
TXN_00174,CUST_005,2025-05-11 00:35:32,353.43,One-Time,completed,Sunday,0,19,423,High
TXN_00175,CUST_032,2025-05-06 10:02:59,301.65,One-Time,completed,Tuesday,10,19,421,High
TXN_00176,CUST_037,2025-03-25 03:18:34,202.26,One-Time,pending,Tuesday,3,13,425,High
TXN_00177,CUST_030,2025-05-10 01:41:33,458.5,Subscription,completed,Saturday,1,19,423,High
TXN_00178,CUST_005,2025-01-30 00:41:38,253.49,Subscription,completed,Thursday,0,5,423,High
TXN_00179,CUST_027,2025-06-12 02:41:08,75.84,Subscription,pending,Thursday,2,24,430,High
TXN_00180,CUST_047,2025-04-01 04:30:48,189.04,Subscription,completed,Tuesday,4,14,430,High
TXN_00181,CUST_037,2025-06-18 20:22:55,42.91,One-Time,completed,Wednesday,20,25,425,High
TXN_00182,CUST_007,2025-01-28 09:59:17,108.97,Subscription,pending,Tuesday,9,5,424,High
TXN_00183,CUST_048,2025-03-31 12:27:57,18.66,Subscription,completed,Monday,12,14,453,High
TXN_00184,CUST_048,2025-05-06 08:06:14,232.11,Subscription,completed,Tuesday,8,19,453,High
TXN_00185,CUST_009,2025-03-31 05:06:13,320.92,Subscription,completed,Monday,5,14,417,High
TXN_00186,CUST_041,2025-03-22 07:23:42,178.21,Add-On,completed,Saturday,7,12,423,High
TXN_00187,CUST_021,2025-01-30 22:02:41,215.99,Subscription,completed,Thursday,22,5,442,High
TXN_00188,CUST_030,2025-03-10 14:00:42,480.01,Refund,completed,Monday,14,11,423,High
TXN_00189,CUST_023,2025-02-12 23:28:12,378.46,Subscription,completed,Wednesday,23,7,426,High
TXN_00190,CUST_040,2025-02-24 06:31:56,275.02,One-Time,completed,Monday,6,9,463,High
TXN_00191,CUST_050,2025-05-04 01:35:12,149.43,Subscription,completed,Sunday,1,18,458,High
TXN_00192,CUST_040,2025-04-24 10:49:14,449.53,Subscription,pending,Thursday,10,17,463,High
TXN_00193,CUST_047,2025-04-20 07:05:18,125.2,Add-On,completed,Sunday,7,16,430,High
TXN_00194,CUST_048,2025-03-07 03:01:49,169.42,Refund,completed,Friday,3,10,453,High
TXN_00195,CUST_005,2025-06-22 17:52:19,455.44,Add-On,completed,Sunday,17,25,423,High
TXN_00196,CUST_013,2025-01-16 18:38:51,269.48,Subscription,completed,Thursday,18,3,448,High
TXN_00197,CUST_037,2025-03-03 15:59:31,373.74,Subscription,completed,Monday,15,10,425,High
TXN_00198,CUST_030,2025-01-22 05:47:07,299.46,One-Time,completed,Wednesday,5,4,423,High
TXN_00199,CUST_003,2025-03-03 00:14:14,330.19,Subscription,failed,Monday,0,10,422,High
TXN_00200,CUST_005,2025-06-23 03:23:52,156.7,One-Time,completed,Monday,3,26,423,High
TXN_00201,CUST_027,2025-03-07 22:15:30,128.27,One-Time,pending,Friday,22,10,430,High
TXN_00202,CUST_031,2025-06-13 13:04:06,168.02,One-Time,failed,Friday,13,24,433,High
TXN_00203,CUST_009,2025-03-31 02:41:01,86.17,Add-On,completed,Monday,2,14,417,High
TXN_00204,CUST_009,2025-05-06 22:44:05,438.41,One-Time,completed,Tuesday,22,19,417,High
TXN_00205,CUST_007,2025-03-24 08:02:36,148.79,Subscription,completed,Monday,8,13,424,High
TXN_00206,CUST_029,2025-02-17 20:33:29,285.13,Subscription,failed,Monday,20,8,422,High
TXN_00207,CUST_001,2025-05-18 13:28:16,398.07,One-Time,completed,Sunday,13,20,417,High
TXN_00208,CUST_029,2025-06-24 10:50:31,394.07,Subscription,completed,Tuesday,10,26,422,High
TXN_00209,CUST_024,2025-02-17 10:25:38,224.81,Subscription,pending,Monday,10,8,445,High
TXN_00210,CUST_024,2025-05-21 04:12:14,243.37,Subscription,completed,Wednesday,4,21,445,High
TXN_00211,CUST_034,2025-02-17 00:07:29,497.4,One-Time,completed,Monday,0,8,420,High
TXN_00212,CUST_027,2025-05-10 00:57:56,340.55,Add-On,completed,Saturday,0,19,430,High
TXN_00213,CUST_037,2025-05-23 00:30:30,409.17,One-Time,failed,Friday,0,21,425,High
TXN_00214,CUST_039,2025-03-22 21:14:30,452.25,Subscription,pending,Saturday,21,12,418,High
TXN_00215,CUST_047,2025-05-13 15:29:33,395.92,Subscription,completed,Tuesday,15,20,430,High
TXN_00216,CUST_040,2025-02-19 00:05:00,100.74,One-Time,completed,Wednesday,0,8,463,High
TXN_00217,CUST_026,2025-01-15 06:22:30,285.46,Subscription,completed,Wednesday,6,3,474,High
TXN_00218,CUST_025,2025-01-18 08:24:32,59.93,One-Time,completed,Saturday,8,3,442,High
TXN_00219,CUST_012,2025-03-22 11:08:32,329.93,One-Time,completed,Saturday,11,12,434,High
TXN_00220,CUST_030,2025-06-12 11:14:32,478.12,Subscription,pending,Thursday,11,24,423,High
TXN_00221,CUST_007,2025-01-23 23:07:55,261.24,Subscription,completed,Thursday,23,4,424,High
TXN_00222,CUST_047,2025-03-24 00:57:12,222.16,Subscription,completed,Monday,0,13,430,High
TXN_00223,CUST_043,2025-05-07 17:25:06,27.56,Add-On,completed,Wednesday,17,19,418,High
TXN_00224,CUST_006,2025-02-06 10:12:35,480.29,One-Time,completed,Thursday,10,6,448,High
TXN_00225,CUST_040,2025-05-10 21:22:58,60.47,Subscription,completed,Saturday,21,19,463,High
TXN_00226,CUST_006,2025-02-25 01:43:57,30.13,Add-On,completed,Tuesday,1,9,448,High
TXN_00227,CUST_037,2025-05-26 13:24:51,130.57,Subscription,completed,Monday,13,22,425,High
TXN_00228,CUST_005,2025-04-15 06:13:42,42.11,Subscription,pending,Tuesday,6,16,423,High
TXN_00229,CUST_025,2025-04-09 10:38:21,233.01,Add-On,completed,Wednesday,10,15,442,High
TXN_00230,CUST_033,2025-02-01 19:39:30,262.88,Subscription,completed,Saturday,19,5,432,High
TXN_00231,CUST_037,2025-03-25 09:02:58,163.16,Subscription,pending,Tuesday,9,13,425,High
TXN_00232,CUST_021,2025-06-04 04:34:25,34.97,One-Time,completed,Wednesday,4,23,442,High
TXN_00233,CUST_047,2025-01-04 12:20:37,64.68,Subscription,completed,Saturday,12,1,430,High
TXN_00234,CUST_039,2025-05-17 12:48:15,198.41,One-Time,completed,Saturday,12,20,418,High
TXN_00235,CUST_011,2025-03-30 16:44:00,39.66,Subscription,pending,Sunday,16,13,431,High
TXN_00236,CUST_034,2025-05-10 12:04:47,352.11,Subscription,completed,Saturday,12,19,420,High
TXN_00237,CUST_037,2025-04-30 09:26:50,111.44,Subscription,pending,Wednesday,9,18,425,High
TXN_00238,CUST_017,2025-03-19 18:38:30,158.02,Subscription,completed,Wednesday,18,12,435,High
TXN_00239,CUST_037,2025-02-25 13:26:32,203.12,Subscription,completed,Tuesday,13,9,425,High
TXN_00240,CUST_045,2025-04-23 21:58:27,214.14,Subscription,completed,Wednesday,21,17,422,High
TXN_00241,CUST_041,2025-01-26 05:46:07,10.81,Add-On,completed,Sunday,5,4,423,High
TXN_00242,CUST_039,2025-04-16 03:18:11,64.91,Subscription,completed,Wednesday,3,16,418,High
TXN_00243,CUST_032,2025-01-18 01:04:51,432.75,Subscription,completed,Saturday,1,3,421,High
TXN_00244,CUST_014,2025-04-27 23:20:14,10.6,Subscription,failed,Sunday,23,17,480,High
TXN_00245,CUST_040,2025-04-24 04:10:46,259.0,Subscription,completed,Thursday,4,17,463,High
TXN_00246,CUST_019,2025-01-16 04:47:58,249.86,Subscription,completed,Thursday,4,3,418,High
TXN_00247,CUST_027,2025-05-17 08:20:51,173.22,One-Time,completed,Saturday,8,20,430,High
TXN_00248,CUST_016,2025-03-16 20:17:16,221.35,Subscription,completed,Sunday,20,11,430,High
TXN_00249,CUST_016,2025-05-22 15:20:58,392.48,Add-On,completed,Thursday,15,21,430,High
TXN_00250,CUST_008,2025-01-08 11:46:23,422.19,Add-On,completed,Wednesday,11,2,418,High
TXN_00251,CUST_049,2025-02-02 07:15:07,137.57,Subscription,completed,Sunday,7,5,430,High
TXN_00252,CUST_008,2025-03-30 22:02:25,168.02,Subscription,completed,Sunday,22,13,418,High
TXN_00253,CUST_005,2025-02-03 21:07:57,128.82,Subscription,pending,Monday,21,6,423,High
TXN_00254,CUST_047,2025-03-01 09:00:01,245.13,One-Time,pending,Saturday,9,9,430,High
TXN_00255,CUST_028,2025-04-29 21:47:16,344.8,Subscription,completed,Tuesday,21,18,422,High
TXN_00256,CUST_022,2025-01-27 00:20:40,121.84,Add-On,completed,Monday,0,5,488,High
TXN_00257,CUST_037,2025-05-02 23:40:36,172.06,One-Time,completed,Friday,23,18,425,High
TXN_00258,CUST_020,2025-01-19 14:42:02,465.89,Add-On,failed,Sunday,14,3,514,High
TXN_00259,CUST_007,2025-02-01 12:47:59,33.8,One-Time,pending,Saturday,12,5,424,High
TXN_00260,CUST_037,2025-04-16 18:37:28,235.78,Refund,pending,Wednesday,18,16,425,High
TXN_00261,CUST_009,2025-05-23 19:50:51,358.66,Subscription,completed,Friday,19,21,417,High
TXN_00262,CUST_028,2025-01-31 16:57:41,83.72,Subscription,completed,Friday,16,5,422,High
TXN_00263,CUST_048,2025-02-23 23:58:07,33.21,Subscription,completed,Sunday,23,8,453,High
TXN_00264,CUST_047,2025-06-16 12:31:08,77.72,Add-On,completed,Monday,12,25,430,High
TXN_00265,CUST_019,2025-06-28 03:26:00,460.22,One-Time,completed,Saturday,3,26,418,High
TXN_00266,CUST_040,2025-04-15 14:11:02,14.54,Add-On,completed,Tuesday,14,16,463,High
TXN_00267,CUST_031,2025-03-22 11:12:17,102.28,Subscription,failed,Saturday,11,12,433,High
TXN_00268,CUST_024,2025-03-04 10:28:39,25.33,Refund,completed,Tuesday,10,10,445,High
TXN_00269,CUST_007,2025-04-21 05:47:32,64.21,Subscription,completed,Monday,5,17,424,High
TXN_00270,CUST_019,2025-04-17 08:45:17,313.87,Subscription,pending,Thursday,8,16,418,High
TXN_00271,CUST_033,2025-02-23 01:19:59,128.4,Refund,completed,Sunday,1,8,432,High
TXN_00272,CUST_050,2025-01-05 02:30:45,288.91,Subscription,completed,Sunday,2,1,458,High
TXN_00273,CUST_001,2025-01-28 06:28:21,299.2,Subscription,completed,Tuesday,6,5,417,High
TXN_00274,CUST_036,2025-06-22 12:58:32,426.22,One-Time,pending,Sunday,12,25,424,High
TXN_00275,CUST_043,2025-03-17 06:25:45,12.32,Subscription,completed,Monday,6,12,418,High
TXN_00276,CUST_048,2025-03-28 19:33:03,428.15,Subscription,completed,Friday,19,13,453,High
TXN_00277,CUST_022,2025-03-26 01:54:16,313.37,Subscription,completed,Wednesday,1,13,488,High
TXN_00278,CUST_006,2025-05-21 21:24:58,89.74,Subscription,completed,Wednesday,21,21,448,High
TXN_00279,CUST_014,2025-01-12 16:36:44,388.74,Add-On,completed,Sunday,16,2,480,High
TXN_00280,CUST_043,2025-01-15 21:23:36,429.19,One-Time,completed,Wednesday,21,3,418,High
TXN_00281,CUST_044,2025-02-19 15:39:36,134.59,Subscription,completed,Wednesday,15,8,430,High
TXN_00282,CUST_032,2025-03-29 14:21:50,460.21,Subscription,completed,Saturday,14,13,421,High
TXN_00283,CUST_007,2025-05-01 19:15:21,232.68,Subscription,completed,Thursday,19,18,424,High
TXN_00284,CUST_007,2025-03-30 07:51:15,305.68,One-Time,completed,Sunday,7,13,424,High
TXN_00285,CUST_024,2025-03-21 09:50:45,492.48,Add-On,completed,Friday,9,12,445,High
TXN_00286,CUST_030,2025-06-18 19:24:37,187.15,Add-On,pending,Wednesday,19,25,423,High
TXN_00287,CUST_002,2025-01-29 23:36:06,408.45,Subscription,completed,Wednesday,23,5,429,High
TXN_00288,CUST_035,2025-04-13 21:51:54,166.02,Subscription,completed,Sunday,21,15,421,High
TXN_00289,CUST_028,2025-04-08 14:29:49,401.61,Subscription,pending,Tuesday,14,15,422,High
TXN_00290,CUST_001,2025-03-27 05:28:27,304.36,One-Time,completed,Thursday,5,13,417,High
TXN_00291,CUST_005,2025-05-26 08:49:15,116.01,Subscription,completed,Monday,8,22,423,High
TXN_00292,CUST_023,2025-02-18 01:20:05,212.87,One-Time,completed,Tuesday,1,8,426,High
TXN_00293,CUST_037,2025-06-21 16:17:55,165.64,One-Time,completed,Saturday,16,25,425,High
TXN_00294,CUST_042,2025-03-01 16:22:41,48.27,Subscription,completed,Saturday,16,9,430,High
TXN_00295,CUST_022,2025-04-09 02:25:09,24.62,Subscription,pending,Wednesday,2,15,488,High
TXN_00296,CUST_015,2025-04-04 17:18:17,179.77,Subscription,completed,Friday,17,14,422,High
TXN_00297,CUST_049,2025-06-02 23:02:25,19.33,Subscription,completed,Monday,23,23,430,High
TXN_00298,CUST_023,2025-03-21 00:05:51,91.09,Subscription,completed,Friday,0,12,426,High
TXN_00299,CUST_016,2025-02-21 05:17:40,365.34,One-Time,completed,Friday,5,8,430,High
TXN_00300,CUST_023,2025-01-04 21:21:51,356.96,Subscription,completed,Saturday,21,1,426,High
TXN_00301,CUST_001,2025-03-07 11:05:24,371.9,Subscription,completed,Friday,11,10,417,High
TXN_00302,CUST_016,2025-05-29 17:34:52,165.41,One-Time,completed,Thursday,17,22,430,High
TXN_00303,CUST_026,2025-01-02 18:50:16,446.11,One-Time,completed,Thursday,18,1,474,High
TXN_00304,CUST_046,2025-06-11 07:24:52,300.98,Subscription,completed,Wednesday,7,24,425,High
TXN_00305,CUST_037,2025-04-08 17:00:46,71.75,Add-On,completed,Tuesday,17,15,425,High
TXN_00306,CUST_040,2025-01-26 05:52:33,80.42,Add-On,completed,Sunday,5,4,463,High
TXN_00307,CUST_028,2025-02-24 09:24:52,349.62,One-Time,completed,Monday,9,9,422,High
TXN_00308,CUST_006,2025-04-10 17:26:10,94.74,One-Time,completed,Thursday,17,15,448,High
TXN_00309,CUST_020,2025-02-26 19:47:24,258.57,Subscription,completed,Wednesday,19,9,514,High
TXN_00310,CUST_050,2025-01-20 13:02:49,495.97,Add-On,completed,Monday,13,4,458,High
TXN_00311,CUST_003,2025-04-30 21:04:19,11.96,Subscription,completed,Wednesday,21,18,422,High
TXN_00312,CUST_044,2025-05-02 00:04:37,18.12,Add-On,completed,Friday,0,18,430,High
TXN_00313,CUST_035,2025-01-22 09:32:12,496.61,One-Time,completed,Wednesday,9,4,421,High
TXN_00314,CUST_015,2025-02-20 14:55:47,296.47,Subscription,completed,Thursday,14,8,422,High
TXN_00315,CUST_039,2025-02-13 21:31:56,72.19,Subscription,pending,Thursday,21,7,418,High
TXN_00316,CUST_042,2025-04-29 16:42:20,449.68,One-Time,completed,Tuesday,16,18,430,High
TXN_00317,CUST_003,2025-05-12 10:52:36,441.39,One-Time,completed,Monday,10,20,422,High
TXN_00318,CUST_006,2025-05-11 20:37:00,272.74,Subscription,completed,Sunday,20,19,448,High
TXN_00319,CUST_034,2025-06-18 23:26:54,314.68,One-Time,completed,Wednesday,23,25,420,High
TXN_00320,CUST_050,2025-05-19 08:33:25,143.86,Add-On,completed,Monday,8,21,458,High
TXN_00321,CUST_002,2025-02-27 17:20:06,34.75,Subscription,pending,Thursday,17,9,429,High
TXN_00322,CUST_034,2025-01-20 09:26:27,301.34,Subscription,completed,Monday,9,4,420,High
TXN_00323,CUST_007,2025-04-21 15:15:25,154.43,Subscription,completed,Monday,15,17,424,High
TXN_00324,CUST_033,2025-06-14 21:10:16,335.17,One-Time,completed,Saturday,21,24,432,High
TXN_00325,CUST_032,2025-06-25 12:40:15,419.76,Subscription,completed,Wednesday,12,26,421,High
TXN_00326,CUST_005,2025-02-11 10:31:27,18.9,Add-On,completed,Tuesday,10,7,423,High
TXN_00327,CUST_035,2025-02-12 13:29:14,301.9,Subscription,completed,Wednesday,13,7,421,High
TXN_00328,CUST_045,2025-01-07 17:37:20,123.33,One-Time,completed,Tuesday,17,2,422,High
TXN_00329,CUST_044,2025-01-26 10:15:08,438.21,Subscription,pending,Sunday,10,4,430,High
TXN_00330,CUST_002,2025-04-10 20:57:45,134.3,Subscription,completed,Thursday,20,15,429,High
TXN_00331,CUST_013,2025-04-09 10:11:24,309.28,One-Time,completed,Wednesday,10,15,448,High
TXN_00332,CUST_013,2025-03-08 18:23:03,281.24,Subscription,failed,Saturday,18,10,448,High
TXN_00333,CUST_023,2025-02-25 19:00:26,204.12,One-Time,completed,Tuesday,19,9,426,High
TXN_00334,CUST_008,2025-05-30 08:41:30,342.03,Refund,completed,Friday,8,22,418,High
TXN_00335,CUST_043,2025-03-24 19:20:47,365.63,Refund,completed,Monday,19,13,418,High
TXN_00336,CUST_039,2025-05-26 11:38:46,287.8,Add-On,completed,Monday,11,22,418,High
TXN_00337,CUST_041,2025-06-23 09:04:30,381.63,Subscription,completed,Monday,9,26,423,High
TXN_00338,CUST_010,2025-02-27 02:02:24,491.87,One-Time,completed,Thursday,2,9,422,High
TXN_00339,CUST_001,2025-02-06 11:49:46,215.44,Add-On,completed,Thursday,11,6,417,High
TXN_00340,CUST_046,2025-06-21 12:31:31,262.15,Subscription,completed,Saturday,12,25,425,High
TXN_00341,CUST_015,2025-04-25 06:28:13,16.11,Subscription,completed,Friday,6,17,422,High
TXN_00342,CUST_033,2025-02-22 08:45:54,400.05,Add-On,completed,Saturday,8,8,432,High
TXN_00343,CUST_046,2025-04-22 22:26:06,264.91,Subscription,completed,Tuesday,22,17,425,High
TXN_00344,CUST_002,2025-04-03 17:02:48,209.9,One-Time,pending,Thursday,17,14,429,High
TXN_00345,CUST_001,2025-06-12 23:53:56,56.1,Refund,completed,Thursday,23,24,417,High
TXN_00346,CUST_001,2025-02-16 01:46:09,445.93,One-Time,completed,Sunday,1,7,417,High
TXN_00347,CUST_008,2025-06-28 10:46:25,203.55,Subscription,completed,Saturday,10,26,418,High
TXN_00348,CUST_003,2025-06-18 11:42:29,344.46,Subscription,completed,Wednesday,11,25,422,High
TXN_00349,CUST_041,2025-02-02 12:37:57,83.19,Subscription,completed,Sunday,12,5,423,High
TXN_00350,CUST_031,2025-01-30 15:06:20,481.16,Subscription,completed,Thursday,15,5,433,High
TXN_00351,CUST_050,2025-04-06 23:14:15,97.44,One-Time,completed,Sunday,23,14,458,High
TXN_00352,CUST_041,2025-01-09 02:00:49,107.78,Add-On,pending,Thursday,2,2,423,High
TXN_00353,CUST_049,2025-02-23 18:48:25,430.9,Subscription,completed,Sunday,18,8,430,High
TXN_00354,CUST_012,2025-03-20 07:37:09,457.17,Subscription,completed,Thursday,7,12,434,High
TXN_00355,CUST_015,2025-06-24 11:41:33,113.95,Add-On,pending,Tuesday,11,26,422,High
TXN_00356,CUST_043,2025-06-28 15:03:44,240.2,Subscription,failed,Saturday,15,26,418,High
TXN_00357,CUST_013,2025-01-28 06:39:09,369.41,One-Time,completed,Tuesday,6,5,448,High
TXN_00358,CUST_003,2025-06-10 12:02:44,440.4,Subscription,completed,Tuesday,12,24,422,High
TXN_00359,CUST_034,2025-01-17 08:48:45,195.74,One-Time,completed,Friday,8,3,420,High
TXN_00360,CUST_041,2025-05-15 17:59:11,263.34,Subscription,completed,Thursday,17,20,423,High
TXN_00361,CUST_049,2025-06-02 05:10:35,373.44,One-Time,completed,Monday,5,23,430,High
TXN_00362,CUST_047,2025-06-10 08:13:24,368.26,Subscription,failed,Tuesday,8,24,430,High
TXN_00363,CUST_007,2025-02-10 05:09:55,393.65,One-Time,failed,Monday,5,7,424,High
TXN_00364,CUST_039,2025-06-10 19:41:22,289.27,Subscription,completed,Tuesday,19,24,418,High
TXN_00365,CUST_043,2025-01-21 21:02:15,61.26,Subscription,completed,Tuesday,21,4,418,High
TXN_00366,CUST_035,2025-04-04 09:28:05,452.95,One-Time,pending,Friday,9,14,421,High
TXN_00367,CUST_041,2025-03-26 12:26:08,434.13,Subscription,pending,Wednesday,12,13,423,High
TXN_00368,CUST_042,2025-02-26 20:48:48,401.07,Subscription,completed,Wednesday,20,9,430,High
TXN_00369,CUST_023,2025-01-04 23:31:59,58.93,Subscription,completed,Saturday,23,1,426,High
TXN_00370,CUST_003,2025-05-19 23:05:37,110.15,Subscription,pending,Monday,23,21,422,High
TXN_00371,CUST_023,2025-03-02 09:43:16,374.36,Subscription,completed,Sunday,9,9,426,High
TXN_00372,CUST_011,2025-04-30 02:22:35,21.34,Add-On,completed,Wednesday,2,18,431,High
TXN_00373,CUST_006,2025-03-15 20:09:00,489.82,Subscription,failed,Saturday,20,11,448,High
TXN_00374,CUST_007,2025-03-09 06:12:04,194.8,Add-On,failed,Sunday,6,10,424,High
TXN_00375,CUST_035,2025-06-09 12:47:54,362.46,Refund,pending,Monday,12,24,421,High
TXN_00376,CUST_026,2025-01-18 00:05:45,444.91,Subscription,completed,Saturday,0,3,474,High
TXN_00377,CUST_027,2025-05-13 14:11:13,203.37,One-Time,completed,Tuesday,14,20,430,High
TXN_00378,CUST_038,2025-05-15 10:07:52,166.37,Add-On,completed,Thursday,10,20,421,High
TXN_00379,CUST_028,2025-03-10 09:33:47,308.28,One-Time,completed,Monday,9,11,422,High
TXN_00380,CUST_032,2025-02-17 05:49:45,294.68,Subscription,completed,Monday,5,8,421,High
TXN_00381,CUST_005,2025-01-01 22:55:35,210.48,Subscription,completed,Wednesday,22,1,423,High
TXN_00382,CUST_043,2025-06-18 15:01:58,304.87,Subscription,completed,Wednesday,15,25,418,High
TXN_00383,CUST_023,2025-06-20 14:11:59,468.34,One-Time,completed,Friday,14,25,426,High
TXN_00384,CUST_008,2025-02-13 08:59:34,239.14,Refund,completed,Thursday,8,7,418,High
TXN_00385,CUST_041,2025-01-06 17:51:20,106.4,Refund,completed,Monday,17,2,423,High
TXN_00386,CUST_037,2025-01-23 02:18:51,194.83,Subscription,completed,Thursday,2,4,425,High
TXN_00387,CUST_003,2025-01-13 04:13:01,203.11,One-Time,completed,Monday,4,3,422,High
TXN_00388,CUST_010,2025-05-30 14:24:24,74.24,Subscription,completed,Friday,14,22,422,High
TXN_00389,CUST_001,2025-06-10 13:03:26,89.81,Add-On,pending,Tuesday,13,24,417,High
TXN_00390,CUST_014,2025-01-28 14:11:17,345.44,Subscription,completed,Tuesday,14,5,480,High
TXN_00391,CUST_005,2025-05-15 09:54:52,176.34,Add-On,completed,Thursday,9,20,423,High
TXN_00392,CUST_036,2025-02-02 06:26:20,477.9,Add-On,completed,Sunday,6,5,424,High
TXN_00393,CUST_027,2025-03-08 02:20:34,129.36,Subscription,completed,Saturday,2,10,430,High
TXN_00394,CUST_050,2025-04-18 21:20:01,58.47,Subscription,completed,Friday,21,16,458,High
TXN_00395,CUST_038,2025-05-10 14:05:01,379.22,Add-On,completed,Saturday,14,19,421,High
TXN_00396,CUST_031,2025-06-07 10:06:28,441.71,Subscription,completed,Saturday,10,23,433,High
TXN_00397,CUST_026,2025-01-09 01:28:13,146.28,One-Time,completed,Thursday,1,2,474,High
TXN_00398,CUST_003,2025-02-05 08:35:51,109.02,Add-On,completed,Wednesday,8,6,422,High
TXN_00399,CUST_004,2025-02-20 11:47:50,101.03,One-Time,completed,Thursday,11,8,506,High
TXN_00400,CUST_031,2025-02-25 20:35:53,265.79,Subscription,completed,Tuesday,20,9,433,High
TXN_00401,CUST_001,2025-06-29 15:28:49,239.52,Subscription,completed,Sunday,15,26,417,High
TXN_00402,CUST_003,2025-05-20 22:23:20,137.13,Subscription,completed,Tuesday,22,21,422,High
TXN_00403,CUST_011,2025-02-27 16:12:08,32.13,Refund,pending,Thursday,16,9,431,High
TXN_00404,CUST_045,2025-06-24 22:17:24,245.93,Subscription,completed,Tuesday,22,26,422,High
TXN_00405,CUST_023,2025-03-31 21:00:22,480.07,Subscription,completed,Monday,21,14,426,High
TXN_00406,CUST_036,2025-04-01 03:12:06,329.73,Subscription,completed,Tuesday,3,14,424,High
TXN_00407,CUST_021,2025-03-20 01:34:44,252.8,Refund,completed,Thursday,1,12,442,High
TXN_00408,CUST_009,2025-01-26 21:38:13,64.24,Subscription,completed,Sunday,21,4,417,High
TXN_00409,CUST_019,2025-06-18 04:29:20,133.69,Add-On,pending,Wednesday,4,25,418,High
TXN_00410,CUST_005,2025-01-03 12:12:17,154.44,One-Time,pending,Friday,12,1,423,High
TXN_00411,CUST_039,2025-02-01 08:52:59,384.75,Add-On,completed,Saturday,8,5,418,High
TXN_00412,CUST_010,2025-02-11 08:06:50,439.59,Refund,completed,Tuesday,8,7,422,High
TXN_00413,CUST_019,2025-02-20 06:33:54,451.8,Add-On,pending,Thursday,6,8,418,High
TXN_00414,CUST_050,2025-01-24 17:28:19,492.44,Add-On,completed,Friday,17,4,458,High
TXN_00415,CUST_030,2025-01-04 05:35:35,491.36,Subscription,completed,Saturday,5,1,423,High
TXN_00416,CUST_023,2025-05-02 23:29:07,476.97,One-Time,completed,Friday,23,18,426,High
TXN_00417,CUST_028,2025-06-24 11:25:07,45.19,One-Time,completed,Tuesday,11,26,422,High
TXN_00418,CUST_040,2025-01-22 22:18:59,77.52,One-Time,completed,Wednesday,22,4,463,High
TXN_00419,CUST_013,2025-02-23 09:01:55,159.19,Add-On,completed,Sunday,9,8,448,High
TXN_00420,CUST_032,2025-04-02 03:20:43,280.92,Refund,failed,Wednesday,3,14,421,High
TXN_00421,CUST_044,2025-06-16 22:48:36,57.52,One-Time,completed,Monday,22,25,430,High
TXN_00422,CUST_029,2025-05-05 23:12:49,424.44,Subscription,completed,Monday,23,19,422,High
TXN_00423,CUST_023,2025-05-18 21:55:57,312.21,Subscription,completed,Sunday,21,20,426,High
TXN_00424,CUST_008,2025-04-15 14:25:25,275.76,Subscription,completed,Tuesday,14,16,418,High
TXN_00425,CUST_013,2025-03-17 01:35:40,91.0,Subscription,completed,Monday,1,12,448,High
TXN_00426,CUST_048,2025-02-05 23:01:50,134.1,Subscription,completed,Wednesday,23,6,453,High
TXN_00427,CUST_028,2025-06-05 13:50:17,88.55,Subscription,completed,Thursday,13,23,422,High
TXN_00428,CUST_016,2025-05-25 17:49:04,427.45,Subscription,completed,Sunday,17,21,430,High
TXN_00429,CUST_021,2025-01-05 12:26:15,296.27,One-Time,completed,Sunday,12,1,442,High
TXN_00430,CUST_029,2025-05-09 18:33:31,370.21,Subscription,completed,Friday,18,19,422,High
TXN_00431,CUST_027,2025-01-16 04:33:23,155.06,Add-On,completed,Thursday,4,3,430,High
TXN_00432,CUST_035,2025-05-14 00:24:39,191.91,One-Time,completed,Wednesday,0,20,421,High
TXN_00433,CUST_013,2025-05-29 16:07:14,208.38,Subscription,completed,Thursday,16,22,448,High
TXN_00434,CUST_033,2025-01-24 14:10:10,382.41,Subscription,pending,Friday,14,4,432,High
TXN_00435,CUST_023,2025-03-20 02:10:15,388.45,Subscription,completed,Thursday,2,12,426,High
TXN_00436,CUST_048,2025-01-23 06:36:59,111.34,Refund,completed,Thursday,6,4,453,High
TXN_00437,CUST_008,2025-04-13 02:39:33,471.35,Subscription,completed,Sunday,2,15,418,High
TXN_00438,CUST_008,2025-06-16 23:04:12,69.12,One-Time,completed,Monday,23,25,418,High
TXN_00439,CUST_024,2025-01-15 13:21:23,449.1,Add-On,completed,Wednesday,13,3,445,High
TXN_00440,CUST_026,2025-03-13 13:32:16,59.19,Refund,completed,Thursday,13,11,474,High
TXN_00441,CUST_035,2025-06-25 03:52:50,139.62,Subscription,completed,Wednesday,3,26,421,High
TXN_00442,CUST_021,2025-02-24 04:05:54,424.77,Subscription,completed,Monday,4,9,442,High
TXN_00443,CUST_046,2025-01-24 19:10:34,97.95,Subscription,completed,Friday,19,4,425,High
TXN_00444,CUST_024,2025-03-29 22:40:59,212.65,Subscription,completed,Saturday,22,13,445,High
TXN_00445,CUST_007,2025-04-02 12:10:10,230.43,Subscription,pending,Wednesday,12,14,424,High
TXN_00446,CUST_006,2025-04-30 07:34:24,130.18,One-Time,pending,Wednesday,7,18,448,High
TXN_00447,CUST_049,2025-02-26 11:20:46,358.02,Add-On,completed,Wednesday,11,9,430,High
TXN_00448,CUST_007,2025-06-22 00:17:32,427.15,One-Time,pending,Sunday,0,25,424,High
TXN_00449,CUST_048,2025-04-04 18:49:05,438.54,One-Time,completed,Friday,18,14,453,High
TXN_00450,CUST_014,2025-02-21 13:26:51,176.27,Subscription,pending,Friday,13,8,480,High
TXN_00451,CUST_005,2025-06-22 20:25:43,270.12,Add-On,failed,Sunday,20,25,423,High
TXN_00452,CUST_016,2025-06-16 11:10:20,131.72,One-Time,completed,Monday,11,25,430,High
TXN_00453,CUST_031,2025-03-31 20:23:30,129.95,Add-On,completed,Monday,20,14,433,High
TXN_00454,CUST_022,2025-01-05 11:23:34,89.01,Add-On,failed,Sunday,11,1,488,High
TXN_00455,CUST_040,2025-04-18 10:45:50,470.61,Subscription,pending,Friday,10,16,463,High
TXN_00456,CUST_031,2025-04-10 22:27:19,445.11,Subscription,failed,Thursday,22,15,433,High
TXN_00457,CUST_021,2025-01-27 16:15:37,390.91,Subscription,completed,Monday,16,5,442,High
TXN_00458,CUST_032,2025-04-25 02:46:20,263.65,Subscription,completed,Friday,2,17,421,High
TXN_00459,CUST_049,2025-06-01 08:13:41,250.4,Add-On,pending,Sunday,8,22,430,High
TXN_00460,CUST_021,2025-01-20 01:28:36,269.58,Subscription,completed,Monday,1,4,442,High
TXN_00461,CUST_008,2025-05-11 04:45:13,272.92,One-Time,completed,Sunday,4,19,418,High
TXN_00462,CUST_021,2025-01-26 06:16:01,222.94,One-Time,completed,Sunday,6,4,442,High
TXN_00463,CUST_043,2025-05-15 18:55:46,74.56,Subscription,completed,Thursday,18,20,418,High
TXN_00464,CUST_011,2025-03-17 10:34:25,71.58,Subscription,completed,Monday,10,12,431,High
TXN_00465,CUST_048,2025-01-02 04:07:39,476.6,One-Time,completed,Thursday,4,1,453,High
TXN_00466,CUST_030,2025-06-23 22:07:18,246.2,One-Time,completed,Monday,22,26,423,High
TXN_00467,CUST_031,2025-01-30 20:59:31,477.07,Subscription,completed,Thursday,20,5,433,High
TXN_00468,CUST_016,2025-04-18 06:54:13,90.15,Subscription,pending,Friday,6,16,430,High
TXN_00469,CUST_047,2025-02-02 15:56:33,281.66,One-Time,completed,Sunday,15,5,430,High
TXN_00470,CUST_002,2025-06-17 22:39:37,111.78,Subscription,completed,Tuesday,22,25,429,High
TXN_00471,CUST_015,2025-05-13 21:33:58,134.06,Add-On,completed,Tuesday,21,20,422,High
TXN_00472,CUST_021,2025-05-25 18:50:20,24.73,Subscription,failed,Sunday,18,21,442,High
TXN_00473,CUST_024,2025-03-19 18:35:06,68.29,Subscription,completed,Wednesday,18,12,445,High
TXN_00474,CUST_024,2025-03-26 03:05:18,459.26,Subscription,completed,Wednesday,3,13,445,High
TXN_00475,CUST_008,2025-04-25 04:10:51,167.55,One-Time,completed,Friday,4,17,418,High
TXN_00476,CUST_012,2025-05-22 06:10:41,307.98,One-Time,completed,Thursday,6,21,434,High
TXN_00477,CUST_005,2025-06-02 10:57:05,237.86,Subscription,completed,Monday,10,23,423,High
TXN_00478,CUST_029,2025-01-04 05:03:17,206.22,Refund,pending,Saturday,5,1,422,High
TXN_00479,CUST_018,2025-04-30 10:35:06,270.62,Subscription,completed,Wednesday,10,18,429,High
TXN_00480,CUST_029,2025-01-20 15:30:07,101.75,Subscription,completed,Monday,15,4,422,High
TXN_00481,CUST_030,2025-02-21 19:51:54,494.42,Subscription,pending,Friday,19,8,423,High
TXN_00482,CUST_036,2025-05-30 07:07:53,410.97,Subscription,completed,Friday,7,22,424,High
TXN_00483,CUST_028,2025-02-15 02:13:00,373.39,One-Time,pending,Saturday,2,7,422,High
TXN_00484,CUST_033,2025-05-24 10:14:59,239.69,Subscription,completed,Saturday,10,21,432,High
TXN_00485,CUST_030,2025-03-25 08:11:37,84.91,One-Time,completed,Tuesday,8,13,423,High
TXN_00486,CUST_033,2025-02-11 21:00:28,461.13,Subscription,pending,Tuesday,21,7,432,High
TXN_00487,CUST_031,2025-03-02 03:56:05,177.28,Refund,completed,Sunday,3,9,433,High
TXN_00488,CUST_016,2025-04-06 12:55:28,34.55,Subscription,completed,Sunday,12,14,430,High
TXN_00489,CUST_013,2025-05-18 17:26:08,177.78,Add-On,failed,Sunday,17,20,448,High
TXN_00490,CUST_040,2025-04-20 01:59:18,399.28,Subscription,completed,Sunday,1,16,463,High
TXN_00491,CUST_018,2025-06-17 23:31:37,315.13,Subscription,completed,Tuesday,23,25,429,High
TXN_00492,CUST_028,2025-06-06 04:37:56,377.91,Add-On,completed,Friday,4,23,422,High
TXN_00493,CUST_010,2025-05-16 14:29:14,398.88,One-Time,completed,Friday,14,20,422,High
TXN_00494,CUST_022,2025-04-19 13:25:22,113.86,One-Time,completed,Saturday,13,16,488,High
TXN_00495,CUST_027,2025-02-22 04:10:37,462.65,Subscription,completed,Saturday,4,8,430,High
TXN_00496,CUST_032,2025-03-16 06:18:33,224.61,One-Time,completed,Sunday,6,11,421,High
TXN_00497,CUST_027,2025-01-22 09:37:23,323.12,Add-On,completed,Wednesday,9,4,430,High
TXN_00498,CUST_019,2025-03-09 08:28:30,11.13,One-Time,completed,Sunday,8,10,418,High
TXN_00499,CUST_049,2025-06-16 18:21:36,496.75,Subscription,pending,Monday,18,25,430,High
TXN_00500,CUST_026,2025-03-18 15:48:38,147.64,One-Time,completed,Tuesday,15,12,474,High
